# Lines starting with ”#” will be treated as comments.;;;;;;;;;;;;;;;;;;;;
# This file can be reloaded with the ”reload stats” console command;;;;;;;;;;;;;;;;;;;;
#;;;;;;;dmg reduction from;;;;;;;missile weapons only;;;;;;
#;;;;;;%of dmg that will;armo is multiplied ;;100;50;;;;minimum speed;;;;;;
#;;;;;%bonus dmg;go through shields;with this;;;;;;;of missiles;;;;;;
key;cost;power;min_damage;max_damage;shield_damage;shield_penetration;armor_penetration;min_windup;max_windup;cooldown;range;accuracy;tracking;missile_speed;missile_evasion;missile_health;missile_armor;missile_shield;missile_retarget_range;end

POINT_DEFENCE_SPATIAL_TORPEDO_1;14;-5;19;52;0.25;0;0;20;30;30;20;0.8;0.1;8;1;1;0;0;10;
TORPEDO_SPATIAL_TORPEDO_1;27;-16;50;160;0.25;0;0;25;35;40;30;0.8;0.1;6;1;1;0;0;5;
POINT_DEFENCE_SPATIAL_TORPEDO_2;17;-6;16;40;0.25;0;0;15;25;20;20;0.8;0.2;10;1;1;0;0;15;
POINT_DEFENCE_SPATIAL_TORPEDO_3;19;-7;18;46;0.25;0;0;15;25;20;20;0.8;0.2;10;1;1;0;0;15;
POINT_DEFENCE_SPATIAL_TORPEDO_4;23;-8;20;53;0.25;0;0;15;25;20;20;0.8;0.2;10;1;1;0;0;15;
POINT_DEFENCE_GRAVIMETRIC_TORPEDO_1;19;-7;18;143;0.25;0;0.5;10;20;100;30;0.8;0.2;10;1;1;0;0;20;
TORPEDO_GRAVIMETRIC_TORPEDO_1;40;-23;60;540;0.25;0;0.5;15;25;150;40;0.8;0.1;9;1;1;0;0;10;
POINT_DEFENCE_GRAVIMETRIC_TORPEDO_2;23;-8;22;175;0.25;0;0.5;10;20;100;30;0.8;0.2;10;1;1;0;0;20;
TORPEDO_GRAVIMETRIC_TORPEDO_2;50;-29;80;650;0.25;0;0.5;15;25;150;40;0.8;0.1;9;1;1;0;0;10;
POINT_DEFENCE_GRAVIMETRIC_TORPEDO_3;28;-10;30;200;0.25;0;0.5;10;20;100;30;0.8;0.2;10;1;1;0;0;20;
TORPEDO_GRAVIMETRIC_TORPEDO_3;70;-41;90;770;0.25;0;0.75;15;25;150;40;0.8;0.1;9;1;1;0;0;10;
POINT_DEFENCE_GRAVIMETRIC_TORPEDO_4;40;-14;30;240;0.25;0;0.75;10;20;100;30;0.8;0.2;10;1;1;0;0;20;
TORPEDO_GRAVIMETRIC_TORPEDO_4;85;-50;110;890;0.25;0;0.75;15;25;150;40;0.8;0.1;9;1;1;0;0;10;
POINT_DEFENCE_GRAVIMETRIC_TORPEDO_5;55;-18;30;280;0.25;0;1;10;20;100;30;0.75;0.2;10;1;1;0;0;20;
TORPEDO_GRAVIMETRIC_TORPEDO_5;110;-65;120;1010;0.25;0;1;15;25;150;40;0.75;0.1;9;1;1;0;0;10;
POINT_DEFENCE_FUSION_TORPEDO_1;21;-7;20;57;0.25;0;0;20;30;30;20;0.8;0.2;8;1;1;0;0;10;
TORPEDO_FUSION_TORPEDO_1;45;-26;50;140;0.25;0;0;20;30;30;30;0.8;0.1;8;1;1;0;0;10;
POINT_DEFENCE_FUSION_TORPEDO_2;23;-8;22;61;0.25;0;0;20;30;30;20;0.8;0.2;8;1;1;0;0;10;
POINT_DEFENCE_FUSION_TORPEDO_3;27;-9;25;69;0.25;0;0;20;30;30;20;0.8;0.2;8;1;1;0;0;10;
POINT_DEFENCE_FUSION_TORPEDO_4;31;-11;28;78;0.25;0;0;20;30;30;20;0.8;0.2;8;1;1;0;0;10;
POINT_DEFENCE_FUSION_TORPEDO_5;40;-13;30;90;0.25;0;0;20;30;30;20;0.8;0.2;8;1;1;0;0;10;
POINT_DEFENCE_FUSION_TORPEDO_6;45;-15;40;90;0.25;0;0;20;30;30;20;0.8;0.2;8;1;1;0;0;10;
POINT_DEFENCE_PHOTON_TORPEDO_1;40;-13;30;48;0.5;0;0;5;15;50;30;0.9;0.4;12;1;1;0;0;30;
TORPEDO_PHOTON_TORPEDO_1;80;-50;70;120;0.5;0;0;5;15;50;40;0.9;0.3;12;1;1;0;0;30;
POINT_DEFENCE_PHOTON_TORPEDO_2;45;-15;35;55;0.5;0;0;5;15;50;30;0.9;0.4;12;1;1;0;0;30;
TORPEDO_PHOTON_TORPEDO_2;95;-60;80;150;0.5;0;0;5;15;50;40;0.9;0.3;12;1;1;0;0;30;
POINT_DEFENCE_PHOTON_TORPEDO_3;60;-19;66;119;0.5;0;0;10;20;100;40;0.95;0.5;10;1;1;0;0;20;
TORPEDO_PHOTON_TORPEDO_3;115;-70;210;470;0.5;0;0;15;25;150;50;0.95;0.4;9;1;1;0;0;10;
POINT_DEFENCE_PHOTON_TORPEDO_4;65;-22;75;134;0.5;0;0;10;20;100;40;0.95;0.5;10;1;1;0;0;20;
TORPEDO_PHOTON_TORPEDO_4;135;-80;240;530;0.5;0;0;15;25;150;50;0.95;0.4;9;1;1;0;0;10;
POINT_DEFENCE_PHOTON_TORPEDO_5;75;-24;80;150;0.5;0;0;10;20;100;40;0.95;0.5;10;1;1;0;0;20;
TORPEDO_PHOTON_TORPEDO_5;155;-95;270;590;0.5;0;0;15;25;150;50;0.95;0.4;9;1;1;0;0;10;
POINT_DEFENCE_PHOTON_TORPEDO_6;85;-28;90;170;0.5;0;0;10;20;100;40;0.95;0.5;10;1;1;0;0;20;
TORPEDO_PHOTON_TORPEDO_6;170;-105;300;650;0.5;0;0;15;25;150;50;0.95;0.4;9;1;1;0;0;10;
POINT_DEFENCE_PHOTON_TORPEDO_7a;75;-25;50;90;0.5;0;0;5;15;50;20;0.95;0.6;12;1;1;0;0;30;
POINT_DEFENCE_PHOTON_TORPEDO_8a;85;-28;60;90;0.5;0;0;5;15;50;20;0.95;0.6;12;1;1;0;0;30;
TORPEDO_PHOTON_TORPEDO_7b;210;-125;230;990;0.5;0;0;15;25;150;40;0.85;0.2;9;1;1;0;0;10;
TORPEDO_PHOTON_TORPEDO_8b;230;-140;250;1060;0.5;0;0;15;25;150;40;0.85;0.2;9;1;1;0;0;10;
TORPEDO_PHOTON_TORPEDO_deep;170;-105;210;870;0.5;0;0;20;30;200;100;0.85;0.3;7;1;1;0;0;5;
POINT_DEFENCE_RESONANCE_TORPEDO_1;65;-21;44;165;0.75;0;0;10;20;100;20;0.8;0.2;10;1;1;0;0;20;
TORPEDO_RESONANCE_TORPEDO_1;130;-80;100;420;0.75;0;0;10;20;100;30;0.8;0.1;10;1;1;0;0;20;
POINT_DEFENCE_RESONANCE_TORPEDO_2;70;-23;50;180;0.75;0;0;10;20;100;20;0.8;0.2;10;1;1;0;0;20;
TORPEDO_RESONANCE_TORPEDO_2;145;-90;120;460;0.75;0;0;10;20;100;30;0.8;0.1;10;1;1;0;0;20;
POINT_DEFENCE_RESONANCE_TORPEDO_3;80;-27;50;210;0.75;0;0;10;20;100;20;0.8;0.2;10;1;1;0;0;20;
TORPEDO_RESONANCE_TORPEDO_3;165;-100;130;510;0.75;0;0;10;20;100;30;0.8;0.1;10;1;1;0;0;20;
POINT_DEFENCE_RESONANCE_TORPEDO_4;90;-29;60;220;0.75;0;0;10;20;100;20;0.8;0.2;10;1;1;0;0;20;
TORPEDO_RESONANCE_TORPEDO_4;185;-110;140;560;0.75;0;0;10;20;100;30;0.8;0.1;10;1;1;0;0;20;
POINT_DEFENCE_RESONANCE_TORPEDO_5;100;-33;60;250;0.75;0;0;10;20;100;20;0.8;0.2;10;1;1;0;0;20;
TORPEDO_RESONANCE_TORPEDO_5;200;-120;150;610;0.75;0;0;10;20;100;30;0.8;0.1;10;1;1;0;0;20;
POINT_DEFENCE_RESONANCE_TORPEDO_6;110;-36;70;260;0.75;0;0;10;20;100;20;0.8;0.2;10;1;1;0;0;20;
TORPEDO_RESONANCE_TORPEDO_6;225;-135;170;660;0.75;0;0;10;20;100;30;0.8;0.1;10;1;1;0;0;20;
POINT_DEFENCE_QUANTUM_TORPEDO_1a;100;-34;70;260;0.75;0;0.5;10;20;100;15;0.8;0.2;10;1;1;0;0;20;
TORPEDO_QUANTUM_TORPEDO_1a;210;-125;230;990;0.75;0;0.5;15;25;150;20;0.8;0.1;9;1;1;0;0;10;
POINT_DEFENCE_QUANTUM_TORPEDO_2a;110;-36;70;280;0.75;0;0.5;10;20;100;15;0.8;0.2;10;1;1;0;0;20;
TORPEDO_QUANTUM_TORPEDO_2a;230;-140;250;1060;0.75;0;0.5;15;25;150;20;0.8;0.1;9;1;1;0;0;10;
POINT_DEFENCE_QUANTUM_TORPEDO_1b;115;-39;70;280;0.5;0.25;0;10;20;100;20;0.8;0.2;10;1;1;0;0;20;
TORPEDO_QUANTUM_TORPEDO_1b;245;-145;250;1060;0.5;0.25;0;15;25;150;30;0.8;0.1;9;1;1;0;0;10;
POINT_DEFENCE_QUANTUM_TORPEDO_2b;130;-42;80;300;0.5;0.25;0;10;20;100;20;0.8;0.2;10;1;1;0;0;20;
TORPEDO_QUANTUM_TORPEDO_2b;265;-160;270;1130;0.5;0.25;0;15;25;150;30;0.8;0.1;9;1;1;0;0;10;
POINT_DEFENCE_POLARON_TORPEDO_1;45;-15;40;73;2.25;0;0;10;20;100;20;0.8;0.3;10;1;1;0;0;20;
TORPEDO_POLARON_TORPEDO_1;90;-55;90;190;2.25;0;0;10;20;100;30;0.8;0.2;10;1;1;0;0;20;
POINT_DEFENCE_POLARON_TORPEDO_2;55;-18;49;88;2.25;0;0;10;20;100;20;0.8;0.3;10;1;1;0;0;20;
TORPEDO_POLARON_TORPEDO_2;115;-70;110;230;2.25;0;0;10;20;100;30;0.8;0.2;10;1;1;0;0;20;
POINT_DEFENCE_POLARON_TORPEDO_3;65;-22;58;103;2.25;0;0;10;20;100;20;0.8;0.3;10;1;1;0;0;20;
TORPEDO_POLARON_TORPEDO_3;135;-85;130;270;2.25;0;0;10;20;100;30;0.8;0.2;10;1;1;0;0;20;
POINT_DEFENCE_POLARON_TORPEDO_4;80;-26;66;119;2.25;0;0;10;20;100;20;0.8;0.3;10;1;1;0;0;20;
TORPEDO_POLARON_TORPEDO_4;160;-95;150;310;2.25;0;0;10;20;100;30;0.8;0.2;10;1;1;0;0;20;
POINT_DEFENCE_POLARON_TORPEDO_5;90;-29;75;134;2.25;0;0;10;20;100;20;0.8;0.3;10;1;1;0;0;20;
TORPEDO_POLARON_TORPEDO_5;185;-110;170;350;2.25;0;0;10;20;100;30;0.8;0.2;10;1;1;0;0;20;
POINT_DEFENCE_POLARON_TORPEDO_6;100;-33;80;150;2.25;0;0;10;20;100;20;0.8;0.3;10;1;1;0;0;20;
TORPEDO_POLARON_TORPEDO_6;205;-125;190;390;2.25;0;0;10;20;100;30;0.8;0.2;10;1;1;0;0;20;
POINT_DEFENCE_POLARON_TORPEDO_7a;115;-38;100;170;1.75;0.25;0;10;20;100;20;0.8;0.3;10;1;1;0;0;20;
POINT_DEFENCE_POLARON_TORPEDO_8a;125;-42;100;190;1.75;0.25;0;10;20;100;20;0.8;0.3;10;1;1;0;0;20;
TORPEDO_POLARON_TORPEDO_7b;265;-160;300;650;2.5;0;0;15;25;150;30;0.8;0.2;9;1;1;0;0;10;
TORPEDO_POLARON_TORPEDO_8b;295;-180;330;710;2.5;0;0;15;25;150;30;0.8;0.2;9;1;1;0;0;10;
POINT_DEFENCE_PLASMA_TORPEDO_1;90;-30;50;270;0;0;0;10;20;100;20;0.75;0.1;10;1;1;0;0;20;
TORPEDO_PLASMA_TORPEDO_1;185;-110;160;1020;0;0;0;15;25;150;30;0.75;0;9;1;1;0;0;10;
POINT_DEFENCE_PLASMA_TORPEDO_2;95;-32;50;290;0;0;0;10;20;100;20;0.75;0.1;10;1;1;0;0;20;
TORPEDO_PLASMA_TORPEDO_2;200;-120;180;1080;0;0;0;15;25;150;30;0.75;0;9;1;1;0;0;10;
POINT_DEFENCE_PLASMA_TORPEDO_3a;105;-34;40;270;0.5;0.25;0.25;10;20;100;20;0.75;0.1;10;1;1;0;0;20;
TORPEDO_PLASMA_TORPEDO_3a;210;-125;160;970;0.5;0.25;0.25;15;25;150;30;0.75;0;9;1;1;0;0;10;
POINT_DEFENCE_PLASMA_TORPEDO_4a;110;-37;50;280;0.5;0.25;0.25;10;20;100;20;0.75;0.1;10;1;1;0;0;20;
TORPEDO_PLASMA_TORPEDO_4a;230;-140;170;1050;0.5;0.25;0.25;15;25;150;30;0.75;0;9;1;1;0;0;10;
POINT_DEFENCE_PLASMA_TORPEDO_5a;120;-40;50;300;0.5;0.25;0.25;10;20;100;20;0.75;0.1;10;1;1;0;0;20;
TORPEDO_PLASMA_TORPEDO_5a;250;-150;180;1130;0.5;0.25;0.25;15;25;150;30;0.75;0;9;1;1;0;0;10;
POINT_DEFENCE_PLASMA_TORPEDO_6a;135;-44;60;320;0.5;0.25;0.25;10;20;100;20;0.75;0.1;10;1;1;0;0;20;
TORPEDO_PLASMA_TORPEDO_6a;275;-165;190;1210;0.5;0.25;0.25;15;25;150;30;0.75;0;9;1;1;0;0;10;
POINT_DEFENCE_PLASMA_TORPEDO_7a;140;-50;60;340;0.5;0.25;0.25;10;20;100;20;0.75;0.1;10;1;1;0;0;20;
TORPEDO_PLASMA_TORPEDO_7a;295;-180;210;1280;0.5;0.25;0.25;15;25;150;30;0.75;0;9;1;1;0;0;10;
POINT_DEFENCE_PLASMA_TORPEDO_3b;105;-35;70;250;0.75;0;0;10;20;100;20;0.75;0.1;10;1;1;0;0;20;
TORPEDO_PLASMA_TORPEDO_3b;220;-130;230;950;0.75;0;0;15;25;150;30;0.75;0;9;1;1;0;0;10;
POINT_DEFENCE_PLASMA_TORPEDO_4b;115;-38;70;270;0.75;0;0;10;20;100;20;0.75;0.1;10;1;1;0;0;20;
TORPEDO_PLASMA_TORPEDO_4b;240;-145;240;1020;0.75;0;0;15;25;150;30;0.75;0;9;1;1;0;0;10;
POINT_DEFENCE_PLASMA_TORPEDO_5b;125;-42;80;290;0.75;0;0;10;20;100;20;0.75;0.1;10;1;1;0;0;20;
TORPEDO_PLASMA_TORPEDO_5b;260;-155;260;1090;0.75;0;0;15;25;150;30;0.75;0;9;1;1;0;0;10;
POINT_DEFENCE_PLASMA_TORPEDO_6b;135;-45;80;310;0.75;0;0;10;20;100;20;0.75;0.1;10;1;1;0;0;20;
TORPEDO_PLASMA_TORPEDO_6b;280;-170;280;1160;0.75;0;0;15;25;150;30;0.75;0;9;1;1;0;0;10;
POINT_DEFENCE_PLASMA_TORPEDO_7b;145;-50;90;320;0.75;0;0;10;20;100;20;0.75;0.1;10;1;1;0;0;20;
TORPEDO_PLASMA_TORPEDO_7b;305;-185;290;1240;0.75;0;0;15;25;150;30;0.75;0;9;1;1;0;0;10;
TORPEDO_TRICOBALT_TORPEDO_1;195;-115;190;1190;0.5;0;0;20;30;200;90;0.7;0;7;1;1;0;0;5;
TORPEDO_TRICOBALT_TORPEDO_2;215;-130;210;1290;0.5;0;0;20;30;200;90;0.7;0;7;1;1;0;0;5;
TORPEDO_TRICOBALT_TORPEDO_3;235;-140;220;1390;0.5;0;0;20;30;200;90;0.7;0;7;1;1;0;0;5;
TORPEDO_TRICOBALT_TORPEDO_4;255;-155;240;1490;0.5;0;0;20;30;200;90;0.7;0;7;1;1;0;0;5;
TORPEDO_TRICOBALT_TORPEDO_5;280;-170;260;1590;0.5;0;0;20;30;200;90;0.7;0;7;1;1;0;0;5;
POINT_DEFENCE_TEMPORAL_TORPEDO_1;40;-12;20;70;0.25;0.25;0;5;15;50;30;0.8;0.2;12;1;1;0;0;30;
TORPEDO_TEMPORAL_TORPEDO_1;80;-50;50;180;0.25;0.25;0;5;15;50;40;0.8;0.1;12;1;1;0;0;30;
POINT_DEFENCE_TEMPORAL_TORPEDO_2;60;-19;25;91;0.25;0.25;0;5;15;50;30;0.8;0.2;12;1;1;0;0;30;
TORPEDO_TEMPORAL_TORPEDO_2;120;-70;60;230;0.25;0.25;0;5;15;50;40;0.8;0.1;12;1;1;0;0;30;
POINT_DEFENCE_TEMPORAL_TORPEDO_3;65;-22;30;100;0.25;0.25;0;5;15;50;30;0.8;0.2;12;1;1;0;0;30;
TORPEDO_TEMPORAL_TORPEDO_3;130;-80;70;250;0.25;0.25;0;5;15;50;40;0.8;0.1;12;1;1;0;0;30;
POINT_DEFENCE_TEMPORAL_TORPEDO_4;70;-24;30;110;0.25;0.25;0;5;15;50;30;0.8;0.2;12;1;1;0;0;30;
TORPEDO_TEMPORAL_TORPEDO_4;145;-90;70;280;0.25;0.25;0;5;15;50;40;0.8;0.1;12;1;1;0;0;30;
POINT_DEFENCE_TEMPORAL_TORPEDO_5;80;-26;30;120;0.25;0.25;0;5;15;50;30;0.8;0.2;12;1;1;0;0;30;
TORPEDO_TEMPORAL_TORPEDO_5;160;-100;80;300;0.25;0.25;0;5;15;50;40;0.8;0.1;12;1;1;0;0;30;
POINT_DEFENCE_CHRONITON_TORPEDO_1;80;-26;40;250;0;0.75;0;10;20;100;30;0.8;0.2;10;1;1;0;0;20;
POINT_DEFENCE_CHRONITON_TORPEDO_2;90;-29;50;270;0;0.75;0;10;20;100;30;0.8;0.2;10;1;1;0;0;20;
POINT_DEFENCE_CHRONITON_TORPEDO_3;95;-31;50;290;0;0.75;0;10;20;100;30;0.8;0.2;10;1;1;0;0;20;
POINT_DEFENCE_TRANSPHASIC_TORPEDO_0;185;-65;60;330;0.5;0.5;0.5;10;20;100;20;0.8;0.2;10;1;1;0;0;20;
TORPEDO_TRANSPHASIC_TORPEDO_0;380;-230;140;840;0.5;0.5;0.5;10;20;100;30;0.8;0.1;10;1;1;0;0;20;
POINT_DEFENCE_BORG_TORPEDO_1;75;-25;46;175;1;0;0;10;20;100;20;0.75;0.2;10;1;1;0;0;20;
TORPEDO_BORG_TORPEDO_1;145;-85;100;420;1;0;0;10;20;100;30;0.75;0.2;10;1;1;0;0;20;
POINT_DEFENCE_BORG_TORPEDO_2;145;-50;60;250;1;0;0;10;20;100;20;0.75;0.2;10;1;1;0;0;20;
TORPEDO_BORG_TORPEDO_2;285;-175;150;580;1;0;0;10;20;100;30;0.75;0.2;10;1;1;0;0;20;
POINT_DEFENCE_BORG_TORPEDO_3;165;-55;70;270;1;0;0;10;20;100;20;0.75;0.2;10;1;1;0;0;20;
TORPEDO_BORG_TORPEDO_3;330;-200;170;660;1;0;0;10;20;100;30;0.75;0.2;10;1;1;0;0;20;
POINT_DEFENCE_BORG_TORPEDO_4;185;-65;80;300;1;0;0;10;20;100;20;0.75;0.2;10;1;1;0;0;20;
TORPEDO_BORG_TORPEDO_4;375;-225;180;740;1;0;0;10;20;100;30;0.75;0.2;10;1;1;0;0;20;
POINT_DEFENCE_BORG_TORPEDO_5;205;-70;90;320;1;0;0;10;20;100;20;0.75;0.2;10;1;1;0;0;20;
TORPEDO_BORG_TORPEDO_5;420;-255;200;810;1;0;0;10;20;100;30;0.75;0.2;10;1;1;0;0;20;
POINT_DEFENCE_BORG_TORPEDO_6;225;-75;90;350;1;0;0;10;20;100;20;0.75;0.2;10;1;1;0;0;20;
TORPEDO_BORG_TORPEDO_6;450;-270;210;860;1;0;0;10;20;100;30;0.75;0.2;10;1;1;0;0;20;




SMALL_PULSE_PHASER_1;8;-8;11;16;1;0;0;5;15;40;30;0.85;0;0;0;0;0;0;0;
SMALL_PULSE_PHASER_2;19;-19;9;29;1;0.25;0.25;5;15;40;30;0.85;0;0;0;0;0;0;0;
MEDIUM_PULSE_PHASER_2;100;-100;40;150;1;0.25;0.25;5;15;40;40;0.95;0;0;0;0;0;0;0;
SMALL_PULSE_PHASER_3;20;-20;9;31;1;0.25;0.25;5;15;40;30;0.85;0;0;0;0;0;0;0;
MEDIUM_PULSE_PHASER_3;110;-110;50;160;1;0.25;0.25;5;15;40;40;0.95;0;0;0;0;0;0;0;
EXTRA_LARGE_CANNON_PHASER_1;130;-130;20;80;1;0;0;1;1;16;30;0.7;0;0;0;0;0;0;0;
EXTRA_LARGE_CANNON_PHASER_2;145;-145;20;90;1;0;0;1;1;16;30;0.7;0;0;0;0;0;0;0;
SMALL_ANDORIAN_PHASER_1;16;-16;16;22;1;0;0;5;15;40;30;0.85;0;0;0;0;0;0;0;
SMALL_ANDORIAN_PHASER_2;22;-22;19;27;1;0;0;5;15;40;30;0.85;0;0;0;0;0;0;0;
MEDIUM_ANDORIAN_PHASER_2;120;-120;100;140;1;0;0;5;15;40;40;0.95;0;0;0;0;0;0;0;
SMALL_ANDORIAN_PHASER_3;24;-24;22;29;1;0;0;5;15;40;30;0.85;0;0;0;0;0;0;0;
MEDIUM_ANDORIAN_PHASER_3;140;-140;110;160;1;0;0;5;15;40;40;0.95;0;0;0;0;0;0;0;
SMALL_ANDORIAN_PHASER_4;27;-27;24;32;1;0;0;5;15;40;30;0.85;0;0;0;0;0;0;0;
MEDIUM_ANDORIAN_PHASER_4;155;-155;130;170;1;0;0;5;15;40;40;0.95;0;0;0;0;0;0;0;
SMALL_ANDORIAN_PHASER_5;30;-30;26;35;1;0;0;5;15;40;30;0.85;0;0;0;0;0;0;0;
MEDIUM_ANDORIAN_PHASER_5;180;-180;140;200;1;0;0;5;15;40;40;0.95;0;0;0;0;0;0;0;
SMALL_VULCAN_PHASER_1;19;-19;7;36;0.75;0;0.75;5;15;40;20;0.8;0;0;0;0;0;0;0;
SMALL_VULCAN_PHASER_2;26;-26;8;43;0.75;0;0.75;5;15;40;20;0.8;0;0;0;0;0;0;0;
MEDIUM_VULCAN_PHASER_2;145;-145;40;230;0.75;0;0.75;5;15;40;30;0.9;0;0;0;0;0;0;0;
MEDIUM_PLASMA_PHASER_1;175;-175;70;410;0.75;0;0.75;10;20;60;30;0.9;0;0;0;0;0;0;0;
MEDIUM_PLASMA_PHASER_2;195;-195;80;450;0.75;0;0.75;10;20;60;30;0.9;0;0;0;0;0;0;0;
MEDIUM_PLASMA_PHASER_3;215;-215;90;480;0.75;0;0.75;10;20;60;30;0.9;0;0;0;0;0;0;0;
MEDIUM_PLASMA_PHASER_4;240;-240;90;530;0.75;0;0.75;10;20;60;30;0.9;0;0;0;0;0;0;0;
MEDIUM_PLASMA_PHASER_5;260;-260;100;570;0.75;0;0.75;10;20;60;30;0.9;0;0;0;0;0;0;0;
SMALL_WAVE_DISRUPTOR_PHASER_1;9;-9;13;17;1;0;0;5;15;40;30;0.8;0;0;0;0;0;0;0;
SMALL_WAVE_DISRUPTOR_PHASER_2;17;-17;17;23;1.25;0;0;5;15;40;30;0.8;0;0;0;0;0;0;0;
MEDIUM_WAVE_DISRUPTOR_PHASER_2;100;-100;120;200;1.25;0;0;10;20;60;40;0.9;0;0;0;0;0;0;0;
SMALL_WAVE_DISRUPTOR_PHASER_3;20;-20;19;27;1.25;0;0;5;15;40;30;0.8;0;0;0;0;0;0;0;
MEDIUM_WAVE_DISRUPTOR_PHASER_3;110;-110;140;220;1.25;0;0;10;20;60;40;0.9;0;0;0;0;0;0;0;
SMALL_WAVE_DISRUPTOR_PHASER_4;26;-26;23;30;1.25;0;0;5;15;40;30;0.8;0;0;0;0;0;0;0;
MEDIUM_WAVE_DISRUPTOR_PHASER_4;150;-150;170;260;1.25;0;0;10;20;60;40;0.9;0;0;0;0;0;0;0;
SMALL_WAVE_DISRUPTOR_PHASER_5;29;-29;25;34;1.25;0;0;5;15;40;30;0.8;0;0;0;0;0;0;0;
MEDIUM_WAVE_DISRUPTOR_PHASER_5;170;-170;180;300;1.25;0;0;10;20;60;40;0.9;0;0;0;0;0;0;0;
SMALL_WAVE_DISRUPTOR_PHASER_6;32;-32;27;37;1.25;0;0;5;15;40;30;0.8;0;0;0;0;0;0;0;
MEDIUM_WAVE_DISRUPTOR_PHASER_6;190;-190;200;330;1.25;0;0;10;20;60;40;0.9;0;0;0;0;0;0;0;
SMALL_WAVE_DISRUPTOR_PHASER_7;35;-35;29;40;1.25;0;0;5;15;40;30;0.8;0;0;0;0;0;0;0;
MEDIUM_WAVE_DISRUPTOR_PHASER_7;205;-205;220;350;1.25;0;0;10;20;60;40;0.9;0;0;0;0;0;0;0;
SMALL_WAVE_DISRUPTOR_PHASER_8;40;-38;32;42;1.25;0;0;5;15;40;30;0.8;0;0;0;0;0;0;0;
MEDIUM_WAVE_DISRUPTOR_PHASER_8;230;-230;240;380;1.25;0;0;10;20;60;40;0.9;0;0;0;0;0;0;0;
SMALL_BASIC_PHASER_1;11;-11;14;18;1;0;0;5;15;40;30;0.8;0;0;0;0;0;0;0;
SMALL_BASIC_PHASER_2;13;-13;16;22;1;0;0;5;15;40;30;0.8;0;0;0;0;0;0;0;
MEDIUM_BASIC_PHASER_2;70;-70;80;110;1;0;0;5;15;40;40;0.9;0;0;0;0;0;0;0;
LARGE_TURRET_PHASER_1;7;-7;2;5;1;0;0;1;1;16;20;0.75;0.2;0;0;0;0;0;0;
LARGE_TURRET_PHASER_2;8;-8;2;6;1;0;0;1;1;16;20;0.75;0.2;0;0;0;0;0;0;
LARGE_TURRET_PHASER_3;10;-10;2;7;1;0;0;1;1;16;20;0.75;0.2;0;0;0;0;0;0;
LARGE_TURRET_PHASER_4;11;-11;2;8;1;0;0;1;1;16;20;0.75;0.2;0;0;0;0;0;0;
LARGE_TURRET_PHASER_5;12;-12;2;9;1;0;0;1;1;16;20;0.75;0.2;0;0;0;0;0;0;
MEDIUM_ASSAULT_PHASER_1;145;-145;110;390;0.5;0;0;10;20;60;40;0.9;0;0;0;0;0;0;0;
MEDIUM_ASSAULT_PHASER_2;165;-165;120;430;0.5;0;0;10;20;60;40;0.9;0;0;0;0;0;0;0;
MEDIUM_ASSAULT_PHASER_3;180;-180;130;470;0.5;0;0;10;20;60;40;0.9;0;0;0;0;0;0;0;
MEDIUM_ASSAULT_PHASER_4;200;-200;140;510;0.5;0;0;10;20;60;40;0.9;0;0;0;0;0;0;0;
MEDIUM_ASSAULT_PHASER_5;215;-215;150;540;0.5;0;0;10;20;60;40;0.9;0;0;0;0;0;0;0;
SMALL_MODULATED_PHASER_1;22;-22;22;29;0.75;0.25;0;5;15;40;30;0.85;0;0;0;0;0;0;0;
MEDIUM_MODULATED_PHASER_1;125;-125;110;160;0.75;0.25;0;5;15;40;40;0.95;0;0;0;0;0;0;0;
SMALL_MODULATED_PHASER_2;25;-25;24;32;0.75;0.25;0;5;15;40;30;0.85;0;0;0;0;0;0;0;
MEDIUM_MODULATED_PHASER_2;145;-145;130;170;0.75;0.25;0;5;15;40;40;0.95;0;0;0;0;0;0;0;
SMALL_MODULATED_PHASER_3;28;-28;26;35;0.75;0.25;0;5;15;40;30;0.85;0;0;0;0;0;0;0;
MEDIUM_MODULATED_PHASER_3;165;-165;140;200;0.75;0.25;0;5;15;40;40;0.95;0;0;0;0;0;0;0;
SMALL_MODULATED_PHASER_4;31;-31;28;39;0.75;0.25;0;5;15;40;30;0.85;0;0;0;0;0;0;0;
MEDIUM_MODULATED_PHASER_4;185;-185;150;220;0.75;0.25;0;5;15;40;40;0.95;0;0;0;0;0;0;0;
SMALL_MODULATED_PHASER_5;34;-34;30;42;0.75;0.25;0;5;15;40;30;0.85;0;0;0;0;0;0;0;
MEDIUM_MODULATED_PHASER_5;200;-200;170;230;0.75;0.25;0;5;15;40;40;0.95;0;0;0;0;0;0;0;
SMALL_COHERENT_PHASER_1;23;-23;20;28;1;0;0;5;15;40;40;0.85;0.1;0;0;0;0;0;0;
MEDIUM_COHERENT_PHASER_1;130;-130;110;150;1;0;0;5;15;40;50;0.95;0.1;0;0;0;0;0;0;
SMALL_COHERENT_PHASER_2;25;-25;23;30;1;0;0;5;15;40;40;0.85;0.1;0;0;0;0;0;0;
MEDIUM_COHERENT_PHASER_2;150;-150;120;170;1;0;0;5;15;40;50;0.95;0.1;0;0;0;0;0;0;
SMALL_COHERENT_PHASER_3;29;-29;25;34;1;0;0;5;15;40;40;0.85;0.1;0;0;0;0;0;0;
MEDIUM_COHERENT_PHASER_3;165;-165;130;190;1;0;0;5;15;40;50;0.95;0.1;0;0;0;0;0;0;
SMALL_COHERENT_PHASER_4;32;-32;27;37;1;0;0;5;15;40;40;0.85;0.1;0;0;0;0;0;0;
MEDIUM_COHERENT_PHASER_4;185;-185;150;200;1;0;0;5;15;40;50;0.95;0.1;0;0;0;0;0;0;
SMALL_COHERENT_PHASER_5;35;-35;29;40;1;0;0;5;15;40;40;0.85;0.1;0;0;0;0;0;0;
MEDIUM_COHERENT_PHASER_5;205;-205;160;220;1;0;0;5;15;40;50;0.95;0.1;0;0;0;0;0;0;
SMALL_MODULAR_PHASER_1;16;-16;19;27;1;0;0;5;15;40;30;0.8;0;0;0;0;0;0;0;
MEDIUM_MODULAR_PHASER_1;90;-90;100;140;1;0;0;5;15;40;40;0.9;0;0;0;0;0;0;0;
SMALL_MODULAR_PHASER_2;18;-18;22;29;1;0;0;5;15;40;30;0.8;0;0;0;0;0;0;0;
MEDIUM_MODULAR_PHASER_2;105;-105;110;160;1;0;0;5;15;40;40;0.9;0;0;0;0;0;0;0;
SMALL_MODULAR_PHASER_3;20;-20;24;32;1;0;0;5;15;40;30;0.8;0;0;0;0;0;0;0;
MEDIUM_MODULAR_PHASER_3;115;-115;130;170;1;0;0;5;15;40;40;0.9;0;0;0;0;0;0;0;
SMALL_MODULAR_PHASER_4;22;-22;26;35;1;0;0;5;15;40;30;0.8;0;0;0;0;0;0;0;
MEDIUM_MODULAR_PHASER_4;135;-135;140;200;1;0;0;5;15;40;40;0.9;0;0;0;0;0;0;0;
SMALL_MODULAR_PHASER_5;25;-25;28;39;1;0;0;5;15;40;30;0.8;0;0;0;0;0;0;0;
MEDIUM_MODULAR_PHASER_5;150;-150;150;220;1;0;0;5;15;40;40;0.9;0;0;0;0;0;0;0;
SMALL_TUNNELING_PHASER_1;15;-15;18;25;1;0;0.5;5;15;40;20;0.8;0;0;0;0;0;0;0;
MEDIUM_TUNNELING_PHASER_1;85;-85;90;140;1;0;0.5;5;15;40;30;0.9;0;0;0;0;0;0;0;
SMALL_TUNNELING_PHASER_2;17;-17;20;28;1;0;0.5;5;15;40;20;0.8;0;0;0;0;0;0;0;
MEDIUM_TUNNELING_PHASER_2;100;-100;110;150;1;0;0.5;5;15;40;30;0.9;0;0;0;0;0;0;0;
SMALL_TUNNELING_PHASER_3;19;-19;23;30;1;0;0.5;5;15;40;20;0.8;0;0;0;0;0;0;0;
MEDIUM_TUNNELING_PHASER_3;115;-115;120;170;1;0;0.5;5;15;40;30;0.9;0;0;0;0;0;0;0;
SMALL_TUNNELING_PHASER_4;21;-21;25;34;1;0;0.5;5;15;40;20;0.8;0;0;0;0;0;0;0;
MEDIUM_TUNNELING_PHASER_4;125;-125;130;190;1;0;0.5;5;15;40;30;0.9;0;0;0;0;0;0;0;
SMALL_TUNNELING_PHASER_5;24;-24;27;37;1;0;0.5;5;15;40;20;0.8;0;0;0;0;0;0;0;
MEDIUM_TUNNELING_PHASER_5;140;-140;150;200;1;0;0.5;5;15;40;30;0.9;0;0;0;0;0;0;0;




LARGE_KANG_DISRUPTOR_1;5;-5;1;5;0.75;0;0;1;1;16;30;0.7;0;0;0;0;0;0;0;
LARGE_KANG_DISRUPTOR_2;10;-10;1;8;0.5;0;0.75;1;1;16;20;0.7;0;0;0;0;0;0;0;
EXTRA_LARGE_KANG_DISRUPTOR_2;75;-75;10;100;0.5;0;0.75;3;3;25;30;0.7;0;0;0;0;0;0;0;
SMALL_KANG_BEAM_DISRUPTOR_1;28;-28;8;51;0.5;0;0.75;5;15;40;20;0.8;0;0;0;0;0;0;0;
MEDIUM_KANG_BEAM_DISRUPTOR_1;165;-165;50;270;0.5;0;0.75;5;15;40;30;0.9;0;0;0;0;0;0;0;
SMALL_KANG_BEAM_DISRUPTOR_2;31;-31;9;55;0.5;0;0.75;5;15;40;20;0.8;0;0;0;0;0;0;0;
MEDIUM_KANG_BEAM_DISRUPTOR_2;180;-180;50;300;0.5;0;0.75;5;15;40;30;0.9;0;0;0;0;0;0;0;
SMALL_KANG_BEAM_DISRUPTOR_3;34;-34;10;59;0.5;0;0.75;5;15;40;20;0.8;0;0;0;0;0;0;0;
MEDIUM_KANG_BEAM_DISRUPTOR_3;200;-200;50;330;0.5;0;0.75;5;15;40;30;0.9;0;0;0;0;0;0;0;
SMALL_KANG_BEAM_DISRUPTOR_4;40;-37;11;63;0.5;0;0.75;5;15;40;20;0.8;0;0;0;0;0;0;0;
MEDIUM_KANG_BEAM_DISRUPTOR_4;220;-220;60;350;0.5;0;0.75;5;15;40;30;0.9;0;0;0;0;0;0;0;
SMALL_KANG_BEAM_DISRUPTOR_5;45;-41;11;69;0.5;0;0.75;5;15;40;20;0.8;0;0;0;0;0;0;0;
MEDIUM_KANG_BEAM_DISRUPTOR_5;245;-245;60;390;0.5;0;0.75;5;15;40;30;0.9;0;0;0;0;0;0;0;
SMALL_KANG_BEAM_DISRUPTOR_6;45;-44;12;73;0.5;0;0.75;5;15;40;20;0.8;0;0;0;0;0;0;0;
MEDIUM_KANG_BEAM_DISRUPTOR_6;265;-265;70;410;0.5;0;0.75;5;15;40;30;0.9;0;0;0;0;0;0;0;
SMALL_ANTIPROTON_DISRUPTOR_1;13;-13;14;18;1;0;0.25;5;15;40;30;0.85;0;0;0;0;0;0;0;
SMALL_ANTIPROTON_DISRUPTOR_2;20;-20;18;25;0.75;0.25;0.25;5;15;40;30;0.85;0;0;0;0;0;0;0;
MEDIUM_ANTIPROTON_DISRUPTOR_2;125;-125;90;140;1.25;0;0.25;5;15;40;40;0.95;0;0;0;0;0;0;0;
SMALL_ANTIPROTON_DISRUPTOR_3;30;-30;22;29;1.25;0;0.25;5;15;40;30;0.85;0;0;0;0;0;0;0;
MEDIUM_ANTIPROTON_DISRUPTOR_3;165;-165;110;160;1.25;0;0.25;5;15;40;40;0.95;0;0;0;0;0;0;0;
SMALL_ANTIPROTON_DISRUPTOR_4;33;-33;24;32;1.25;0;0.25;5;15;40;30;0.85;0;0;0;0;0;0;0;
MEDIUM_ANTIPROTON_DISRUPTOR_4;185;-185;130;170;1.25;0;0.25;5;15;40;40;0.95;0;0;0;0;0;0;0;
SMALL_ANTIPROTON_DISRUPTOR_5;40;-36;26;35;1.25;0;0.25;5;15;40;30;0.85;0;0;0;0;0;0;0;
MEDIUM_ANTIPROTON_DISRUPTOR_5;215;-215;140;200;1.25;0;0.25;5;15;40;40;0.95;0;0;0;0;0;0;0;
SMALL_ANTIPROTON_DISRUPTOR_6;45;-41;28;39;1.25;0;0.25;5;15;40;30;0.85;0;0;0;0;0;0;0;
MEDIUM_ANTIPROTON_DISRUPTOR_6;240;-240;150;220;1.25;0;0.25;5;15;40;40;0.95;0;0;0;0;0;0;0;
SMALL_ANTIPROTON_DISRUPTOR_7;45;-44;30;42;1.25;0;0.25;5;15;40;30;0.85;0;0;0;0;0;0;0;
MEDIUM_ANTIPROTON_DISRUPTOR_7;260;-260;170;230;1.25;0;0.25;5;15;40;40;0.95;0;0;0;0;0;0;0;
SMALL_ANTIPROTON_DISRUPTOR_8;50;-50;33;44;1.25;0;0.25;5;15;40;30;0.85;0;0;0;0;0;0;0;
MEDIUM_ANTIPROTON_DISRUPTOR_8;285;-285;180;250;1.25;0;0.25;5;15;40;40;0.95;0;0;0;0;0;0;0;
LARGE_BASIC_DISRUPTOR_1;6;-6;3;6;1.25;0;0;3;3;25;30;0.7;0;0;0;0;0;0;0;
LARGE_BASIC_DISRUPTOR_2;9;-9;2;9;1.25;0.25;0.25;3;3;25;30;0.7;0;0;0;0;0;0;0;
EXTRA_LARGE_BASIC_DISRUPTOR_2;65;-65;10;70;1.25;0.25;0.25;3;3;25;40;0.7;0;0;0;0;0;0;0;
LARGE_TURRET_DISRUPTOR_1;9;-9;2;5;1.25;0;0;1;1;16;20;0.75;0.2;0;0;0;0;0;0;
LARGE_TURRET_DISRUPTOR_2;10;-10;2;6;1.25;0;0;1;1;16;20;0.75;0.2;0;0;0;0;0;0;
LARGE_TURRET_DISRUPTOR_3;11;-11;2;7;1.25;0;0;1;1;16;20;0.75;0.2;0;0;0;0;0;0;
LARGE_TURRET_DISRUPTOR_4;13;-13;2;8;1.25;0;0;1;1;16;20;0.75;0.2;0;0;0;0;0;0;
LARGE_TURRET_DISRUPTOR_5;14;-14;2;9;1.25;0;0;1;1;16;20;0.75;0.2;0;0;0;0;0;0;
EXTRA_LARGE_ASSAULT_DISRUPTOR_1;85;-85;30;140;1.25;0;0;5;5;35;30;0.65;0;0;0;0;0;0;0;
EXTRA_LARGE_ASSAULT_DISRUPTOR_2;100;-100;30;160;1.25;0;0;5;5;35;30;0.65;0;0;0;0;0;0;0;
EXTRA_LARGE_ASSAULT_DISRUPTOR_3;105;-105;40;160;1.25;0;0;5;5;35;30;0.65;0;0;0;0;0;0;0;
EXTRA_LARGE_ASSAULT_DISRUPTOR_4;120;-120;40;180;1.25;0;0;5;5;35;30;0.65;0;0;0;0;0;0;0;
EXTRA_LARGE_ASSAULT_DISRUPTOR_5;130;-130;40;200;1.25;0;0;5;5;35;30;0.65;0;0;0;0;0;0;0;
MEDIUM_PHASE_DISRUPTOR_1;145;-145;80;310;1.25;0.25;0.25;10;20;60;40;0.9;0;0;0;0;0;0;0;
MEDIUM_PHASE_DISRUPTOR_2;165;-165;90;340;1.25;0.25;0.25;10;20;60;40;0.9;0;0;0;0;0;0;0;
MEDIUM_PHASE_DISRUPTOR_3;185;-185;100;380;1.25;0.25;0.25;10;20;60;40;0.9;0;0;0;0;0;0;0;
MEDIUM_PHASE_DISRUPTOR_4;210;-210;110;420;1.25;0.25;0.25;10;20;60;40;0.9;0;0;0;0;0;0;0;
MEDIUM_PHASE_DISRUPTOR_5;230;-230;120;450;1.25;0.25;0.25;10;20;60;40;0.9;0;0;0;0;0;0;0;
LARGE_TETRYONIC_DISRUPTOR_1;10;-10;3;15;0.25;0;0;3;3;25;30;0.7;0;0;0;0;0;0;0;
EXTRA_LARGE_TETRYONIC_DISRUPTOR_1;80;-80;20;120;0.25;0;0;3;3;25;40;0.7;0;0;0;0;0;0;0;
LARGE_TETRYONIC_DISRUPTOR_2;11;-11;3;16;0.25;0;0;3;3;25;30;0.7;0;0;0;0;0;0;0;
EXTRA_LARGE_TETRYONIC_DISRUPTOR_2;85;-85;20;130;0.25;0;0;3;3;25;40;0.7;0;0;0;0;0;0;0;
LARGE_TETRYONIC_DISRUPTOR_3;12;-12;3;18;0.25;0;0;3;3;25;30;0.7;0;0;0;0;0;0;0;
EXTRA_LARGE_TETRYONIC_DISRUPTOR_3;95;-95;30;130;0.25;0;0;3;3;25;40;0.7;0;0;0;0;0;0;0;
LARGE_TETRYONIC_DISRUPTOR_4;13;-13;4;18;0.25;0;0;3;3;25;30;0.7;0;0;0;0;0;0;0;
EXTRA_LARGE_TETRYONIC_DISRUPTOR_4;100;-100;30;140;0.25;0;0;3;3;25;40;0.7;0;0;0;0;0;0;0;
LARGE_TETRYONIC_DISRUPTOR_5;15;-15;4;20;0.25;0;0;3;3;25;30;0.7;0;0;0;0;0;0;0;
EXTRA_LARGE_TETRYONIC_DISRUPTOR_5;110;-110;30;150;0.25;0;0;3;3;25;40;0.7;0;0;0;0;0;0;0;
SMALL_PULSE_DISRUPTOR_1;24;-24;22;29;1;0.25;0;5;15;40;30;0.8;0;0;0;0;0;0;0;
MEDIUM_PULSE_DISRUPTOR_1;135;-135;110;160;1;0.25;0;5;15;40;40;0.9;0;0;0;0;0;0;0;
SMALL_PULSE_DISRUPTOR_2;27;-27;24;32;1;0.25;0;5;15;40;30;0.8;0;0;0;0;0;0;0;
MEDIUM_PULSE_DISRUPTOR_2;155;-155;130;170;1;0.25;0;5;15;40;40;0.9;0;0;0;0;0;0;0;
SMALL_PULSE_DISRUPTOR_3;30;-30;26;35;1;0.25;0;5;15;40;30;0.8;0;0;0;0;0;0;0;
MEDIUM_PULSE_DISRUPTOR_3;175;-175;140;200;1;0.25;0;5;15;40;40;0.9;0;0;0;0;0;0;0;
SMALL_PULSE_DISRUPTOR_4;33;-33;28;39;1;0.25;0;5;15;40;30;0.8;0;0;0;0;0;0;0;
MEDIUM_PULSE_DISRUPTOR_4;195;-195;150;220;1;0.25;0;5;15;40;40;0.9;0;0;0;0;0;0;0;
SMALL_PULSE_DISRUPTOR_5;40;-36;30;42;1;0.25;0;5;15;40;30;0.8;0;0;0;0;0;0;0;
MEDIUM_PULSE_DISRUPTOR_5;215;-215;170;230;1;0.25;0;5;15;40;40;0.9;0;0;0;0;0;0;0;
LARGE_PLASMA_CANNON_DISRUPTOR_1;11;-11;2;11;1.25;0.25;0.25;3;3;25;30;0.7;0;0;0;0;0;0;0;
EXTRA_LARGE_PLASMA_CANNON_DISRUPTOR_1;85;-85;20;80;1.25;0.25;0.25;3;3;25;40;0.7;0;0;0;0;0;0;0;
LARGE_PLASMA_CANNON_DISRUPTOR_2;13;-13;3;12;1.25;0.25;0.25;3;3;25;30;0.7;0;0;0;0;0;0;0;
EXTRA_LARGE_PLASMA_CANNON_DISRUPTOR_2;95;-95;20;90;1.25;0.25;0.25;3;3;25;40;0.7;0;0;0;0;0;0;0;
LARGE_PLASMA_CANNON_DISRUPTOR_3;14;-14;3;13;1.25;0.25;0.25;3;3;25;30;0.7;0;0;0;0;0;0;0;
EXTRA_LARGE_PLASMA_CANNON_DISRUPTOR_3;115;-115;20;110;1.25;0.25;0.25;3;3;25;40;0.7;0;0;0;0;0;0;0;
LARGE_PLASMA_CANNON_DISRUPTOR_4;16;-16;3;15;1.25;0.25;0.25;3;3;25;30;0.7;0;0;0;0;0;0;0;
EXTRA_LARGE_PLASMA_CANNON_DISRUPTOR_4;125;-125;20;120;1.25;0.25;0.25;3;3;25;40;0.7;0;0;0;0;0;0;0;
LARGE_PLASMA_CANNON_DISRUPTOR_5;17;-17;3;16;1.25;0.25;0.25;3;3;25;30;0.7;0;0;0;0;0;0;0;
EXTRA_LARGE_PLASMA_CANNON_DISRUPTOR_5;135;-135;30;120;1.25;0.25;0.25;3;3;25;40;0.7;0;0;0;0;0;0;0;
SMALL_PLASMA_BEAM_DISRUPTOR_1;20;-20;19;27;1;0;0.75;5;15;40;20;0.85;0;0;0;0;0;0;0;
MEDIUM_PLASMA_BEAM_DISRUPTOR_1;115;-115;100;140;1;0;0.75;5;15;40;30;0.95;0;0;0;0;0;0;0;
SMALL_PLASMA_BEAM_DISRUPTOR_2;23;-23;22;29;1;0;0.75;5;15;40;20;0.85;0;0;0;0;0;0;0;
MEDIUM_PLASMA_BEAM_DISRUPTOR_2;130;-130;110;160;1;0;0.75;5;15;40;30;0.95;0;0;0;0;0;0;0;
SMALL_PLASMA_BEAM_DISRUPTOR_3;26;-26;24;32;1;0;0.75;5;15;40;20;0.85;0;0;0;0;0;0;0;
MEDIUM_PLASMA_BEAM_DISRUPTOR_3;145;-145;130;170;1;0;0.75;5;15;40;30;0.95;0;0;0;0;0;0;0;
SMALL_PLASMA_BEAM_DISRUPTOR_4;28;-28;26;35;1;0;0.75;5;15;40;20;0.85;0;0;0;0;0;0;0;
MEDIUM_PLASMA_BEAM_DISRUPTOR_4;170;-170;140;200;1;0;0.75;5;15;40;30;0.95;0;0;0;0;0;0;0;
SMALL_PLASMA_BEAM_DISRUPTOR_5;32;-32;28;39;1;0;0.75;5;15;40;20;0.85;0;0;0;0;0;0;0;
MEDIUM_PLASMA_BEAM_DISRUPTOR_5;185;-185;150;220;1;0;0.75;5;15;40;30;0.95;0;0;0;0;0;0;0;




LARGE_PULSAR_PLASMA_1;7;-7;3;9;0.75;0;0;3;3;25;30;0.65;0;0;0;0;0;0;0;
LARGE_PULSAR_PLASMA_2;10;-10;3;12;0.5;0.25;0;3;3;25;30;0.65;0;0;0;0;0;0;0;
EXTRA_LARGE_PULSAR_PLASMA_2;75;-75;20;90;0.5;0.25;0;3;3;25;40;0.65;0;0;0;0;0;0;0;
LARGE_PULSAR_PLASMA_3;11;-11;4;12;0.5;0.25;0;3;3;25;30;0.65;0;0;0;0;0;0;0;
EXTRA_LARGE_PULSAR_PLASMA_3;85;-85;30;100;0.5;0.25;0;3;3;25;40;0.65;0;0;0;0;0;0;0;
LARGE_PULSAR_PLASMA_4;12;-12;4;14;0.5;0.25;0;3;3;25;30;0.65;0;0;0;0;0;0;0;
EXTRA_LARGE_PULSAR_PLASMA_4;95;-95;30;110;0.5;0.25;0;3;3;25;40;0.65;0;0;0;0;0;0;0;
LARGE_PULSAR_PLASMA_5;13;-13;4;15;0.5;0.25;0;3;3;25;30;0.65;0;0;0;0;0;0;0;
EXTRA_LARGE_PULSAR_PLASMA_5;110;-110;30;130;0.5;0.25;0;3;3;25;40;0.65;0;0;0;0;0;0;0;
LARGE_PULSAR_PLASMA_6;16;-16;5;17;0.5;0.25;0;3;3;25;30;0.65;0;0;0;0;0;0;0;
EXTRA_LARGE_PULSAR_PLASMA_6;120;-120;40;130;0.5;0.25;0;3;3;25;40;0.65;0;0;0;0;0;0;0;
MEDIUM_HEAT_PLASMA_1;125;-125;120;310;0.75;0;0.5;10;20;60;30;0.85;0;0;0;0;0;0;0;
MEDIUM_HEAT_PLASMA_2;140;-140;130;350;0.75;0;0.5;10;20;60;30;0.85;0;0;0;0;0;0;0;
MEDIUM_HEAT_PLASMA_3;160;-160;150;380;0.75;0;0.5;10;20;60;30;0.85;0;0;0;0;0;0;0;
MEDIUM_HEAT_PLASMA_4;175;-175;160;410;0.75;0;0.5;10;20;60;30;0.85;0;0;0;0;0;0;0;
MEDIUM_HEAT_PLASMA_5;190;-190;170;450;0.75;0;0.5;10;20;60;30;0.85;0;0;0;0;0;0;0;
MEDIUM_HEAT_PLASMA_6;210;-210;190;480;0.75;0;0.5;10;20;60;30;0.85;0;0;0;0;0;0;0;
LARGE_TURRET_PLASMA_1;11;-11;2;8;0.75;0;0;1;1;16;20;0.7;0.2;0;0;0;0;0;0;
LARGE_TURRET_PLASMA_2;12;-12;2;8;0.75;0;0;1;1;16;20;0.7;0.2;0;0;0;0;0;0;
LARGE_TURRET_PLASMA_3;13;-13;2;9;0.75;0;0;1;1;16;20;0.7;0.2;0;0;0;0;0;0;
LARGE_TURRET_PLASMA_4;14;-14;2;10;0.75;0;0;1;1;16;20;0.7;0.2;0;0;0;0;0;0;
LARGE_TURRET_PLASMA_5;16;-16;2;11;0.75;0;0;1;1;16;20;0.7;0.2;0;0;0;0;0;0;
MEDIUM_WAVE_PLASMA_1;180;-180;160;460;0.75;0;0;20;25;80;30;0.95;0.5;0;0;0;0;0;0;
MEDIUM_WAVE_PLASMA_2;220;-220;200;550;0.75;0;0;20;25;80;30;0.95;0.5;0;0;0;0;0;0;
MEDIUM_WAVE_PLASMA_3;270;-270;230;650;0.75;0;0;20;25;80;30;0.95;0.5;0;0;0;0;0;0;
LARGE_PHASED_PLASMA_1;13;-13;2;14;0.75;0.25;0.25;3;3;25;30;0.65;0;0;0;0;0;0;0;
EXTRA_LARGE_PHASED_PLASMA_1;100;-100;20;110;0.75;0.25;0.25;3;3;25;40;0.65;0;0;0;0;0;0;0;
LARGE_PHASED_PLASMA_2;15;-15;3;15;0.75;0.25;0.25;3;3;25;30;0.65;0;0;0;0;0;0;0;
EXTRA_LARGE_PHASED_PLASMA_2;110;-110;20;120;0.75;0.25;0.25;3;3;25;40;0.65;0;0;0;0;0;0;0;
LARGE_PHASED_PLASMA_3;16;-16;3;16;0.75;0.25;0.25;3;3;25;30;0.65;0;0;0;0;0;0;0;
EXTRA_LARGE_PHASED_PLASMA_3;120;-120;20;130;0.75;0.25;0.25;3;3;25;40;0.65;0;0;0;0;0;0;0;
LARGE_PHASED_PLASMA_4;18;-18;3;18;0.75;0.25;0.25;3;3;25;30;0.65;0;0;0;0;0;0;0;
EXTRA_LARGE_PHASED_PLASMA_4;135;-135;20;140;0.75;0.25;0.25;3;3;25;40;0.65;0;0;0;0;0;0;0;
LARGE_PHASED_PLASMA_5;19;-19;3;19;0.75;0.25;0.25;3;3;25;30;0.65;0;0;0;0;0;0;0;
EXTRA_LARGE_PHASED_PLASMA_5;145;-145;30;140;0.75;0.25;0.25;3;3;25;40;0.65;0;0;0;0;0;0;0;
LARGE_COMPRESSED_PLASMA_1;14;-14;3;17;0.25;0;0;3;3;25;30;0.65;0;0;0;0;0;0;0;
EXTRA_LARGE_COMPRESSED_PLASMA_1;100;-100;20;130;0.25;0;0;3;3;25;40;0.65;0;0;0;0;0;0;0;
LARGE_COMPRESSED_PLASMA_2;15;-15;3;19;0.25;0;0;3;3;25;30;0.65;0;0;0;0;0;0;0;
EXTRA_LARGE_COMPRESSED_PLASMA_2;115;-115;20;150;0.25;0;0;3;3;25;40;0.65;0;0;0;0;0;0;0;
LARGE_COMPRESSED_PLASMA_3;16;-16;3;20;0.25;0;0;3;3;25;30;0.65;0;0;0;0;0;0;0;
EXTRA_LARGE_COMPRESSED_PLASMA_3;125;-125;30;150;0.25;0;0;3;3;25;40;0.65;0;0;0;0;0;0;0;
LARGE_COMPRESSED_PLASMA_4;18;-18;4;21;0.25;0;0;3;3;25;30;0.65;0;0;0;0;0;0;0;
EXTRA_LARGE_COMPRESSED_PLASMA_4;135;-135;30;160;0.25;0;0;3;3;25;40;0.65;0;0;0;0;0;0;0;
LARGE_COMPRESSED_PLASMA_5;19;-19;4;22;0.25;0;0;3;3;25;30;0.65;0;0;0;0;0;0;0;
EXTRA_LARGE_COMPRESSED_PLASMA_5;145;-145;30;170;0.25;0;0;3;3;25;40;0.65;0;0;0;0;0;0;0;




SMALL_BORG_ANTI_1;35;-35;24;60;1;0;0;10;20;60;30;0.75;0;0;0;0;0;0;0;
MEDIUM_BORG_ANTI_1;200;-200;130;330;1;0;0;10;20;60;40;0.85;0;0;0;0;0;0;0;
SMALL_BORG_ANTI_2;45;-45;28;72;1;0;0;10;20;60;30;0.75;0;0;0;0;0;0;0;
MEDIUM_BORG_ANTI_2;265;-265;150;400;1;0;0;10;20;60;40;0.85;0;0;0;0;0;0;0;
SMALL_BORG_ANTI_3;55;-55;31;81;1;0;0;10;20;60;30;0.75;0;0;0;0;0;0;0;
MEDIUM_BORG_ANTI_3;305;-305;170;450;1;0;0;10;20;60;40;0.85;0;0;0;0;0;0;0;
SMALL_BORG_ANTI_4;60;-60;35;88;1;0;0;10;20;60;30;0.75;0;0;0;0;0;0;0;
MEDIUM_BORG_ANTI_4;345;-345;190;500;1;0;0;10;20;60;40;0.85;0;0;0;0;0;0;0;
SMALL_BORG_ANTI_5;65;-65;38;97;1;0;0;10;20;60;30;0.75;0;0;0;0;0;0;0;
MEDIUM_BORG_ANTI_5;390;-390;210;550;1;0;0;10;20;60;40;0.85;0;0;0;0;0;0;0;
SMALL_BORG_ANTI_6;70;-70;40;103;1;0;0;10;20;60;30;0.75;0;0;0;0;0;0;0;
MEDIUM_BORG_ANTI_6;420;-420;230;580;1;0;0;10;20;60;40;0.85;0;0;0;0;0;0;0;
SMALL_POSITRON_ANTI_1;17;-17;10;25;1.25;0;0.5;5;15;40;30;0.8;0;0;0;0;0;0;0;
SMALL_POSITRON_ANTI_2;21;-21;13;30;1.25;0;0.5;5;15;40;30;0.8;0;0;0;0;0;0;0;
MEDIUM_POSITRON_ANTI_2;120;-120;70;160;1.25;0;0.5;5;15;40;40;0.9;0;0;0;0;0;0;0;
EXTRA_LARGE_POSITRON_CANNON_ANTI_1;80;-80;20;80;1.25;0;0.5;3;3;25;40;0.7;0;0;0;0;0;0;0;
EXTRA_LARGE_POSITRON_CANNON_ANTI_2;90;-90;20;90;1.25;0;0.5;3;3;25;40;0.7;0;0;0;0;0;0;0;
EXTRA_LARGE_POSITRON_CANNON_ANTI_3;95;-95;20;100;1.25;0;0.5;3;3;25;40;0.7;0;0;0;0;0;0;0;
EXTRA_LARGE_POSITRON_CANNON_ANTI_4;105;-105;30;100;1.25;0;0.5;3;3;25;40;0.7;0;0;0;0;0;0;0;
EXTRA_LARGE_POSITRON_CANNON_ANTI_5;115;-115;30;110;1.25;0;0.5;3;3;25;40;0.7;0;0;0;0;0;0;0;
EXTRA_LARGE_POSITRON_CANNON_ANTI_6;155;-155;80;210;1.5;0;0.5;7;7;45;40;0.7;0;0;0;0;0;0;0;
MEDIUM_POSITRON_ANTI_6;295;-295;220;630;1.5;0;0.5;20;25;80;40;0.9;0;0;0;0;0;0;0;
SMALL_SPREAD_ANTI_0;16;-16;16;45;1;0;0.5;20;25;80;20;0.9;0.5;0;0;0;0;0;0;
MEDIUM_SPREAD_ANTI_0;85;-85;80;220;1;0;0.5;20;25;80;30;1;0.5;0;0;0;0;0;0;
SMALL_RAILGUN_ANTI_1;20;-20;14;69;1;0;0.5;20;25;80;90;0.75;0;0;0;0;0;0;0;
MEDIUM_RAILGUN_ANTI_1;115;-115;70;360;1;0;0.5;20;25;80;100;0.85;0;0;0;0;0;0;0;
SMALL_RAILGUN_ANTI_2;23;-23;16;77;1;0;0.5;20;25;80;90;0.75;0;0;0;0;0;0;0;
MEDIUM_RAILGUN_ANTI_2;135;-135;90;410;1;0;0.5;20;25;80;100;0.85;0;0;0;0;0;0;0;
SMALL_RAILGUN_ANTI_3;26;-26;18;86;1;0;0.5;20;25;80;90;0.75;0;0;0;0;0;0;0;
MEDIUM_RAILGUN_ANTI_3;150;-150;100;460;1;0;0.5;20;25;80;100;0.85;0;0;0;0;0;0;0;
SMALL_RAILGUN_ANTI_4;30;-30;20;95;1;0;0.5;20;25;80;90;0.75;0;0;0;0;0;0;0;
MEDIUM_RAILGUN_ANTI_4;170;-170;110;510;1;0;0.5;20;25;80;100;0.85;0;0;0;0;0;0;0;
SMALL_RAILGUN_ANTI_5;33;-33;22;104;1;0;0.5;20;25;80;90;0.75;0;0;0;0;0;0;0;
MEDIUM_RAILGUN_ANTI_5;195;-195;120;570;1;0;0.5;20;25;80;100;0.85;0;0;0;0;0;0;0;
SMALL_PYLON_ANTI_1;18;-18;6;15;1;0;0.5;2;10;20;20;0.85;0.2;0;0;0;0;0;0;
SMALL_PYLON_ANTI_2;22;-22;7;18;1;0;0.5;2;10;20;20;0.85;0.2;0;0;0;0;0;0;
SMALL_PYLON_ANTI_3;25;-25;8;20;1;0;0.5;2;10;20;20;0.85;0.2;0;0;0;0;0;0;
SMALL_PYLON_ANTI_4;27;-27;9;21;1;0;0.5;2;10;20;20;0.85;0.2;0;0;0;0;0;0;
SMALL_PYLON_ANTI_5;30;-30;10;23;1;0;0.5;2;10;20;20;0.85;0.2;0;0;0;0;0;0;
SMALL_BEAM_ANTI_1;21;-21;14;34;0.75;0.25;0.5;5;15;40;30;0.8;0;0;0;0;0;0;0;
MEDIUM_BEAM_ANTI_1;125;-125;80;180;0.75;0.25;0.5;5;15;40;40;0.9;0;0;0;0;0;0;0;
SMALL_BEAM_ANTI_2;24;-24;16;37;0.75;0.25;0.5;5;15;40;30;0.8;0;0;0;0;0;0;0;
MEDIUM_BEAM_ANTI_2;140;-140;80;210;0.75;0.25;0.5;5;15;40;40;0.9;0;0;0;0;0;0;0;
SMALL_BEAM_ANTI_3;27;-27;17;42;0.75;0.25;0.5;5;15;40;30;0.8;0;0;0;0;0;0;0;
MEDIUM_BEAM_ANTI_3;155;-155;90;230;0.75;0.25;0.5;5;15;40;40;0.9;0;0;0;0;0;0;0;
SMALL_BEAM_ANTI_4;30;-30;19;45;0.75;0.25;0.5;5;15;40;30;0.8;0;0;0;0;0;0;0;
MEDIUM_BEAM_ANTI_4;175;-175;100;250;0.75;0.25;0.5;5;15;40;40;0.9;0;0;0;0;0;0;0;
SMALL_BEAM_ANTI_5;32;-32;21;48;0.75;0.25;0.5;5;15;40;30;0.8;0;0;0;0;0;0;0;
MEDIUM_BEAM_ANTI_5;190;-190;110;270;0.75;0.25;0.5;5;15;40;40;0.9;0;0;0;0;0;0;0;
SMALL_PROTON_ANTI_1;23;-23;14;32;1;0;0.5;5;15;40;40;0.85;0.1;0;0;0;0;0;0;
MEDIUM_PROTON_ANTI_1;130;-130;70;170;1;0;0.5;5;15;40;50;0.95;0.1;0;0;0;0;0;0;
SMALL_PROTON_ANTI_2;26;-26;15;36;1;0;0.5;5;15;40;40;0.85;0.1;0;0;0;0;0;0;
MEDIUM_PROTON_ANTI_2;145;-145;80;190;1;0;0.5;5;15;40;50;0.95;0.1;0;0;0;0;0;0;
SMALL_PROTON_ANTI_3;29;-29;17;39;1;0;0.5;5;15;40;40;0.85;0.1;0;0;0;0;0;0;
MEDIUM_PROTON_ANTI_3;165;-165;90;210;1;0;0.5;5;15;40;50;0.95;0.1;0;0;0;0;0;0;
SMALL_PROTON_ANTI_4;32;-32;18;43;1;0;0.5;5;15;40;40;0.85;0.1;0;0;0;0;0;0;
MEDIUM_PROTON_ANTI_4;190;-190;100;240;1;0;0.5;5;15;40;50;0.95;0.1;0;0;0;0;0;0;
SMALL_PROTON_ANTI_5;40;-36;20;47;1;0;0.5;5;15;40;40;0.85;0.1;0;0;0;0;0;0;
MEDIUM_PROTON_ANTI_5;210;-210;110;260;1;0;0.5;5;15;40;50;0.95;0.1;0;0;0;0;0;0;




SMALL_REVERSE_POLARON_1;17;-17;15;20;1.25;0.25;0;5;15;40;30;0.8;0;0;0;0;0;0;0;
SMALL_REVERSE_POLARON_2;20;-20;17;23;1.25;0.25;0;5;15;40;30;0.8;0;0;0;0;0;0;0;
MEDIUM_REVERSE_POLARON_2;110;-110;90;120;1.25;0.25;0;5;15;40;40;0.9;0;0;0;0;0;0;0;
SMALL_REVERSE_POLARON_3;23;-23;19;27;1.25;0.25;0;5;15;40;30;0.8;0;0;0;0;0;0;0;
MEDIUM_REVERSE_POLARON_3;125;-125;100;140;1.25;0.25;0;5;15;40;40;0.9;0;0;0;0;0;0;0;
SMALL_REVERSE_POLARON_4;26;-26;22;29;1.25;0.25;0;5;15;40;30;0.8;0;0;0;0;0;0;0;
MEDIUM_REVERSE_POLARON_4;145;-145;110;160;1.25;0.25;0;5;15;40;40;0.9;0;0;0;0;0;0;0;
SMALL_REVERSE_POLARON_5;29;-29;24;32;1.25;0.25;0;5;15;40;30;0.8;0;0;0;0;0;0;0;
MEDIUM_REVERSE_POLARON_5;165;-165;130;170;1.25;0.25;0;5;15;40;40;0.9;0;0;0;0;0;0;0;
SMALL_REVERSE_POLARON_6;32;-32;26;35;1.25;0.25;0;5;15;40;30;0.8;0;0;0;0;0;0;0;
MEDIUM_REVERSE_POLARON_6;190;-190;140;200;1.25;0.25;0;5;15;40;40;0.9;0;0;0;0;0;0;0;
SMALL_REVERSE_POLARON_7;40;-36;28;39;1.25;0.25;0;5;15;40;30;0.8;0;0;0;0;0;0;0;
MEDIUM_REVERSE_POLARON_7;210;-210;150;220;1.25;0.25;0;5;15;40;40;0.9;0;0;0;0;0;0;0;
SMALL_REVERSE_POLARON_8;40;-39;30;42;1.25;0.25;0;5;15;40;30;0.8;0;0;0;0;0;0;0;
MEDIUM_REVERSE_POLARON_8;230;-230;170;230;1.25;0.25;0;5;15;40;40;0.9;0;0;0;0;0;0;0;
SMALL_PYLON_POLARON_1;18;-18;9;12;1;0.25;0;2;10;20;20;0.85;0.2;0;0;0;0;0;0;
SMALL_PYLON_POLARON_2;21;-21;10;14;1;0.25;0;2;10;20;20;0.85;0.2;0;0;0;0;0;0;
SMALL_PYLON_POLARON_3;23;-23;11;15;1;0.25;0;2;10;20;20;0.85;0.2;0;0;0;0;0;0;
SMALL_PYLON_POLARON_4;26;-26;12;17;1;0.25;0;2;10;20;20;0.85;0.2;0;0;0;0;0;0;
SMALL_PYLON_POLARON_5;29;-29;14;18;1;0.25;0;2;10;20;20;0.85;0.2;0;0;0;0;0;0;
SMALL_PHASED_POLARON_1;23;-23;10;36;1;0.5;0.25;5;15;40;30;0.8;0;0;0;0;0;0;0;
MEDIUM_PHASED_POLARON_1;130;-130;50;190;1;0.5;0.25;5;15;40;40;0.9;0;0;0;0;0;0;0;
SMALL_PHASED_POLARON_2;26;-26;12;39;1;0.5;0.25;5;15;40;30;0.8;0;0;0;0;0;0;0;
MEDIUM_PHASED_POLARON_2;145;-145;60;210;1;0.5;0.25;5;15;40;40;0.9;0;0;0;0;0;0;0;
SMALL_PHASED_POLARON_3;29;-29;13;43;1;0.5;0.25;5;15;40;30;0.8;0;0;0;0;0;0;0;
MEDIUM_PHASED_POLARON_3;165;-165;70;230;1;0.5;0.25;5;15;40;40;0.9;0;0;0;0;0;0;0;
SMALL_PHASED_POLARON_4;32;-32;14;47;1;0.5;0.25;5;15;40;30;0.8;0;0;0;0;0;0;0;
MEDIUM_PHASED_POLARON_4;190;-190;80;260;1;0.5;0.25;5;15;40;40;0.9;0;0;0;0;0;0;0;
SMALL_PHASED_POLARON_5;40;-36;15;52;1;0.5;0.25;5;15;40;30;0.8;0;0;0;0;0;0;0;
MEDIUM_PHASED_POLARON_5;210;-210;80;290;1;0.5;0.25;5;15;40;40;0.9;0;0;0;0;0;0;0;
SMALL_NEUTRAL_POLARON_1;21;-21;20;28;0.75;0.5;0;5;15;40;30;0.8;0;0;0;0;0;0;0;
MEDIUM_NEUTRAL_POLARON_1;130;-130;100;140;1;0.25;0;5;15;40;50;0.95;0.1;0;0;0;0;0;0;
SMALL_NEUTRAL_POLARON_2;26;-26;22;29;1;0.25;0;5;15;40;40;0.85;0.1;0;0;0;0;0;0;
MEDIUM_NEUTRAL_POLARON_2;145;-145;110;160;1;0.25;0;5;15;40;50;0.95;0.1;0;0;0;0;0;0;
SMALL_NEUTRAL_POLARON_3;29;-29;24;32;1;0.25;0;5;15;40;40;0.85;0.1;0;0;0;0;0;0;
MEDIUM_NEUTRAL_POLARON_3;165;-165;130;170;1;0.25;0;5;15;40;50;0.95;0.1;0;0;0;0;0;0;
SMALL_NEUTRAL_POLARON_4;32;-32;26;35;1;0.25;0;5;15;40;40;0.85;0.1;0;0;0;0;0;0;
MEDIUM_NEUTRAL_POLARON_4;190;-190;140;200;1;0.25;0;5;15;40;50;0.95;0.1;0;0;0;0;0;0;
SMALL_NEUTRAL_POLARON_5;40;-36;28;39;1;0.25;0;5;15;40;40;0.85;0.1;0;0;0;0;0;0;
MEDIUM_NEUTRAL_POLARON_5;210;-210;150;220;1;0.25;0;5;15;40;50;0.95;0.1;0;0;0;0;0;0;




LARGE_PULSE_TETRYON_1;5;-5;2;6;1.25;0;0;3;3;25;30;0.7;0;0;0;0;0;0;0;
LARGE_PULSE_TETRYON_2;9;-9;2;9;1.25;0.25;0.25;3;3;25;30;0.7;0;0;0;0;0;0;0;
EXTRA_LARGE_PULSE_TETRYON_2;60;-60;10;70;1.25;0.25;0.25;3;3;25;40;0.7;0;0;0;0;0;0;0;
LARGE_PULSE_TETRYON_3;10;-10;2;11;1.25;0.25;0.25;3;3;25;30;0.7;0;0;0;0;0;0;0;
EXTRA_LARGE_PULSE_TETRYON_3;80;-80;20;80;1.25;0.25;0.25;3;3;25;40;0.7;0;0;0;0;0;0;0;
LARGE_PULSE_TETRYON_4;11;-11;3;11;1.25;0.25;0.25;3;3;25;30;0.7;0;0;0;0;0;0;0;
EXTRA_LARGE_PULSE_TETRYON_4;90;-90;20;90;1.25;0.25;0.25;3;3;25;40;0.7;0;0;0;0;0;0;0;
LARGE_PULSE_TETRYON_5;13;-13;3;13;1.25;0.25;0.25;3;3;25;30;0.7;0;0;0;0;0;0;0;
EXTRA_LARGE_PULSE_TETRYON_5;100;-100;20;100;1.25;0.25;0.25;3;3;25;40;0.7;0;0;0;0;0;0;0;
LARGE_PULSE_TETRYON_6;14;-14;3;14;1.25;0.25;0.25;3;3;25;30;0.7;0;0;0;0;0;0;0;
EXTRA_LARGE_PULSE_TETRYON_6;110;-110;20;110;1.25;0.25;0.25;3;3;25;40;0.7;0;0;0;0;0;0;0;
LARGE_PULSE_TETRYON_7;16;-16;3;16;1.25;0.25;0.25;3;3;25;30;0.7;0;0;0;0;0;0;0;
EXTRA_LARGE_PULSE_TETRYON_7;120;-120;20;120;1.25;0.25;0.25;3;3;25;40;0.7;0;0;0;0;0;0;0;
MEDIUM_GRAVITON_TETRYON_1;145;-145;40;230;1;0;0.75;5;15;40;30;0.9;0;0;0;0;0;0;0;
MEDIUM_GRAVITON_TETRYON_2;225;-225;80;450;1;0;1;10;20;60;30;0.85;0;0;0;0;0;0;0;
MEDIUM_GRAVITON_TETRYON_3;245;-245;90;480;1;0;1;10;20;60;30;0.85;0;0;0;0;0;0;0;
MEDIUM_GRAVITON_TETRYON_4;270;-270;90;530;1;0;1;10;20;60;30;0.85;0;0;0;0;0;0;0;
MEDIUM_GRAVITON_TETRYON_5;300;-300;100;570;1;0;1;10;20;60;30;0.85;0;0;0;0;0;0;0;
MEDIUM_GRAVITON_TETRYON_6;365;-365;110;630;1;0;1;10;20;60;30;0.85;0;0;0;0;0;0;0;
LARGE_TURRET_TETRYON_1;8;-8;2;5;1.25;0;0;1;1;16;20;0.75;0.2;0;0;0;0;0;0;
LARGE_TURRET_TETRYON_2;9;-9;2;6;1.25;0;0;1;1;16;20;0.75;0.2;0;0;0;0;0;0;
LARGE_TURRET_TETRYON_3;11;-11;2;7;1.25;0;0;1;1;16;20;0.75;0.2;0;0;0;0;0;0;
LARGE_TURRET_TETRYON_4;12;-12;2;8;1.25;0;0;1;1;16;20;0.75;0.2;0;0;0;0;0;0;
LARGE_TURRET_TETRYON_5;13;-13;2;9;1.25;0;0;1;1;16;20;0.75;0.2;0;0;0;0;0;0;
LARGE_MODULATED_TETRYON_1;9;-9;4;9;1;0.25;0;3;3;25;30;0.7;0;0;0;0;0;0;0;
EXTRA_LARGE_MODULATED_TETRYON_1;70;-70;30;70;1;0.25;0;3;3;25;40;0.7;0;0;0;0;0;0;0;
LARGE_MODULATED_TETRYON_2;11;-11;4;11;1;0.25;0;3;3;25;30;0.7;0;0;0;0;0;0;0;
EXTRA_LARGE_MODULATED_TETRYON_2;75;-75;30;80;1;0.25;0;3;3;25;40;0.7;0;0;0;0;0;0;0;
LARGE_MODULATED_TETRYON_3;11;-11;5;11;1;0.25;0;3;3;25;30;0.7;0;0;0;0;0;0;0;
EXTRA_LARGE_MODULATED_TETRYON_3;90;-90;30;100;1;0.25;0;3;3;25;40;0.7;0;0;0;0;0;0;0;
LARGE_MODULATED_TETRYON_4;13;-13;5;13;1;0.25;0;3;3;25;30;0.7;0;0;0;0;0;0;0;
EXTRA_LARGE_MODULATED_TETRYON_4;100;-100;40;100;1;0.25;0;3;3;25;40;0.7;0;0;0;0;0;0;0;
LARGE_MODULATED_TETRYON_5;14;-14;5;14;1;0.25;0;3;3;25;30;0.7;0;0;0;0;0;0;0;
EXTRA_LARGE_MODULATED_TETRYON_5;110;-110;40;110;1;0.25;0;3;3;25;40;0.7;0;0;0;0;0;0;0;
LARGE_TUNNELING_TETRYON_1;8;-8;3;9;1.25;0;0.5;3;3;25;20;0.7;0;0;0;0;0;0;0;
EXTRA_LARGE_TUNNELING_TETRYON_1;55;-55;20;70;1.25;0;0.5;3;3;25;30;0.7;0;0;0;0;0;0;0;
LARGE_TUNNELING_TETRYON_2;8;-8;4;9;1.25;0;0.5;3;3;25;20;0.7;0;0;0;0;0;0;0;
EXTRA_LARGE_TUNNELING_TETRYON_2;65;-65;30;70;1.25;0;0.5;3;3;25;30;0.7;0;0;0;0;0;0;0;
LARGE_TUNNELING_TETRYON_3;10;-10;4;11;1.25;0;0.5;3;3;25;20;0.7;0;0;0;0;0;0;0;
EXTRA_LARGE_TUNNELING_TETRYON_3;70;-70;30;80;1.25;0;0.5;3;3;25;30;0.7;0;0;0;0;0;0;0;
LARGE_TUNNELING_TETRYON_4;11;-11;5;11;1.25;0;0.5;3;3;25;20;0.7;0;0;0;0;0;0;0;
EXTRA_LARGE_TUNNELING_TETRYON_4;85;-85;30;100;1.25;0;0.5;3;3;25;30;0.7;0;0;0;0;0;0;0;
LARGE_TUNNELING_TETRYON_5;12;-12;5;13;1.25;0;0.5;3;3;25;20;0.7;0;0;0;0;0;0;0;
EXTRA_LARGE_TUNNELING_TETRYON_5;95;-95;40;100;1.25;0;0.5;3;3;25;30;0.7;0;0;0;0;0;0;0;
LARGE_QUANTUM_TETRYON_1;5;-5;2;6;1.25;0;0;3;3;25;30;0.7;0;0;0;0;0;0;0;
LARGE_QUANTUM_TETRYON_2;10;-10;3;9;1.5;0;0;3;3;25;30;0.7;0;0;0;0;0;0;0;
EXTRA_LARGE_QUANTUM_TETRYON_2;75;-75;20;70;1.5;0;0;3;3;25;40;0.7;0;0;0;0;0;0;0;
LARGE_QUANTUM_TETRYON_3;11;-11;4;9;1.5;0;0;3;3;25;30;0.7;0;0;0;0;0;0;0;
EXTRA_LARGE_QUANTUM_TETRYON_3;85;-85;30;70;1.5;0;0;3;3;25;40;0.7;0;0;0;0;0;0;0;
LARGE_QUANTUM_TETRYON_4;13;-13;4;11;1.5;0;0;3;3;25;30;0.7;0;0;0;0;0;0;0;
EXTRA_LARGE_QUANTUM_TETRYON_4;95;-95;30;80;1.5;0;0;3;3;25;40;0.7;0;0;0;0;0;0;0;
LARGE_QUANTUM_TETRYON_5;14;-14;5;11;1.5;0;0;3;3;25;30;0.7;0;0;0;0;0;0;0;
EXTRA_LARGE_QUANTUM_TETRYON_5;115;-115;30;100;1.5;0;0;3;3;25;40;0.7;0;0;0;0;0;0;0;
LARGE_QUANTUM_TETRYON_6;17;-17;5;12;1.75;0;0;3;3;25;30;0.7;0;0;0;0;0;0;0;
EXTRA_LARGE_QUANTUM_TETRYON_6;125;-125;30;100;1.75;0;0;3;3;25;40;0.7;0;0;0;0;0;0;0;
LARGE_QUANTUM_TETRYON_7;19;-19;5;14;1.75;0;0;3;3;25;30;0.7;0;0;0;0;0;0;0;
EXTRA_LARGE_QUANTUM_TETRYON_7;135;-135;40;100;1.75;0;0;3;3;25;40;0.7;0;0;0;0;0;0;0;
LARGE_QUANTUM_TETRYON_8;20;-20;5;14;2;0;0;3;3;25;30;0.7;0;0;0;0;0;0;0;
EXTRA_LARGE_QUANTUM_TETRYON_8;160;-160;40;110;2;0;0;3;3;25;40;0.7;0;0;0;0;0;0;0;
LARGE_HYPER_TETRYON_1;5;-5;2;6;1.25;0;0;3;3;25;30;0.7;0;0;0;0;0;0;0;
LARGE_HYPER_TETRYON_2;10;-10;3;9;1.5;0;0;3;3;25;30;0.7;0;0;0;0;0;0;0;
EXTRA_LARGE_HYPER_TETRYON_2;75;-75;20;70;1.5;0;0;3;3;25;40;0.7;0;0;0;0;0;0;0;
LARGE_HYPER_TETRYON_3;11;-11;4;9;1.5;0;0;3;3;25;30;0.7;0;0;0;0;0;0;0;
EXTRA_LARGE_HYPER_TETRYON_3;85;-85;30;70;1.5;0;0;3;3;25;40;0.7;0;0;0;0;0;0;0;
LARGE_HYPER_TETRYON_4;13;-13;4;11;1.5;0;0;3;3;25;30;0.7;0;0;0;0;0;0;0;
EXTRA_LARGE_HYPER_TETRYON_4;95;-95;30;80;1.5;0;0;3;3;25;40;0.7;0;0;0;0;0;0;0;
LARGE_HYPER_TETRYON_5;14;-14;5;11;1.5;0;0;3;3;25;30;0.7;0;0;0;0;0;0;0;
EXTRA_LARGE_HYPER_TETRYON_5;115;-115;30;100;1.5;0;0;3;3;25;40;0.7;0;0;0;0;0;0;0;
LARGE_HYPER_TETRYON_6;17;-17;5;12;1.75;0;0;3;3;25;30;0.7;0;0;0;0;0;0;0;
EXTRA_LARGE_HYPER_TETRYON_6;125;-125;30;100;1.75;0;0;3;3;25;40;0.7;0;0;0;0;0;0;0;
LARGE_HYPER_TETRYON_7;19;-19;5;14;1.75;0;0;3;3;25;30;0.7;0;0;0;0;0;0;0;
EXTRA_LARGE_HYPER_TETRYON_7;135;-135;40;100;1.75;0;0;3;3;25;40;0.7;0;0;0;0;0;0;0;
LARGE_HYPER_TETRYON_8;20;-20;5;14;2;0;0;3;3;25;30;0.7;0;0;0;0;0;0;0;
EXTRA_LARGE_HYPER_TETRYON_8;160;-160;40;110;2;0;0;3;3;25;40;0.7;0;0;0;0;0;0;0;
LARGE_CHRONITON_TETRYON_1;5;-5;2;6;1.25;0;0;3;3;25;30;0.7;0;0;0;0;0;0;0;
LARGE_CHRONITON_TETRYON_2;10;-10;3;9;1.5;0;0;3;3;25;30;0.7;0;0;0;0;0;0;0;
EXTRA_LARGE_CHRONITON_TETRYON_2;75;-75;20;70;1.5;0;0;3;3;25;40;0.7;0;0;0;0;0;0;0;
LARGE_CHRONITON_TETRYON_3;11;-11;4;9;1.5;0;0;3;3;25;30;0.7;0;0;0;0;0;0;0;
EXTRA_LARGE_CHRONITON_TETRYON_3;85;-85;30;70;1.5;0;0;3;3;25;40;0.7;0;0;0;0;0;0;0;
LARGE_CHRONITON_TETRYON_4;13;-13;4;11;1.5;0;0;3;3;25;30;0.7;0;0;0;0;0;0;0;
EXTRA_LARGE_CHRONITON_TETRYON_4;95;-95;30;80;1.5;0;0;3;3;25;40;0.7;0;0;0;0;0;0;0;
LARGE_CHRONITON_TETRYON_5;14;-14;5;11;1.5;0;0;3;3;25;30;0.7;0;0;0;0;0;0;0;
EXTRA_LARGE_CHRONITON_TETRYON_5;115;-115;30;100;1.5;0;0;3;3;25;40;0.7;0;0;0;0;0;0;0;
LARGE_CHRONITON_TETRYON_6;17;-17;5;12;1.75;0;0;3;3;25;30;0.7;0;0;0;0;0;0;0;
EXTRA_LARGE_CHRONITON_TETRYON_6;125;-125;30;100;1.75;0;0;3;3;25;40;0.7;0;0;0;0;0;0;0;
LARGE_CHRONITON_TETRYON_7;19;-19;5;14;1.75;0;0;3;3;25;30;0.7;0;0;0;0;0;0;0;
EXTRA_LARGE_CHRONITON_TETRYON_7;135;-135;40;100;1.75;0;0;3;3;25;40;0.7;0;0;0;0;0;0;0;
LARGE_CHRONITON_TETRYON_8;20;-20;5;14;2;0;0;3;3;25;30;0.7;0;0;0;0;0;0;0;
EXTRA_LARGE_CHRONITON_TETRYON_8;160;-160;40;110;2;0;0;3;3;25;40;0.7;0;0;0;0;0;0;0;




SMALL_SPACEPORT_PHASER_SPACEPORT_1;0;0;30;50;1;0.25;0;2;10;20;50;0.95;0;0;0;0;0;0;0;
SMALL_SPACEPORT_PULSE_PHASER_SPACEPORT_1;0;0;30;50;1;0.25;0;2;10;20;50;0.9;0;0;0;0;0;0;0;
SMALL_SPACEPORT_PARTICLE_PHASER_SPACEPORT_1;0;0;30;50;1;0.25;0;2;10;20;50;0.9;0;0;0;0;0;0;0;
SMALL_SPACEPORT_SPIRAL_PHASER_SPACEPORT_1;0;0;30;40;1;0.25;0;2;10;20;50;0.9;0;0;0;0;0;0;0;
SMALL_SPACEPORT_ANDORIAN_PHASER_SPACEPORT_1;0;0;30;50;1;0.25;0;2;10;20;50;0.9;0;0;0;0;0;0;0;
MEDIUM_SPACEPORT_PHASER_SPACEPORT_2;0;0;20;50;1;0;0.5;1;1;16;30;0.8;0;0;0;0;0;0;0;
SMALL_SPACEPORT_KANG_DISRUPTOR_SPACEPORT_1;0;0;30;60;0.75;0.25;0;2;10;20;50;0.9;0;0;0;0;0;0;0;
SMALL_SPACEPORT_PLASMA_DISRUPTOR_SPACEPORT_1;0;0;30;50;1;0.25;0.25;2;10;20;50;0.95;0;0;0;0;0;0;0;
SMALL_SPACEPORT_DISRUPTOR_SPACEPORT_1;0;0;30;50;1.25;0.25;0;2;10;20;50;0.9;0;0;0;0;0;0;0;
MEDIUM_SPACEPORT_DISRUPTOR_SPACEPORT_2;0;0;20;50;1.25;0;0.5;1;1;16;30;0.8;0;0;0;0;0;0;0;
SMALL_SPACEPORT_PLASMA_SPACEPORT_1;0;0;30;90;0.75;0.25;0;2;10;20;50;0.85;0;0;0;0;0;0;0;
MEDIUM_SPACEPORT_PLASMA_SPACEPORT_2;0;0;20;70;0.75;0;0.5;1;1;16;30;0.75;0;0;0;0;0;0;0;
SMALL_SPACEPORT_ANTI_SPACEPORT_1;0;0;20;50;1;0.25;0.5;2;10;20;50;0.9;0;0;0;0;0;0;0;
SMALL_SPACEPORT_BORG_SPACEPORT_1;0;0;60;150;0.75;0.25;0;2;10;20;50;0.85;0;0;0;0;0;0;0;
MEDIUM_SPACEPORT_ANTI_SPACEPORT_2;0;0;10;60;1;0;1;1;1;16;30;0.8;0;0;0;0;0;0;0;
SMALL_SPACEPORT_POLARON_SPACEPORT_1;0;0;30;40;1;0.5;0;2;10;20;50;0.9;0;0;0;0;0;0;0;
MEDIUM_SPACEPORT_POLARON_SPACEPORT_2;0;0;20;50;1;0.25;0.5;1;1;16;30;0.8;0;0;0;0;0;0;0;
SMALL_SPACEPORT_TETRYON_SPACEPORT_1;0;0;30;40;1.25;0.25;0;2;10;20;50;0.9;0;0;0;0;0;0;0;
SMALL_SPACEPORT_TETRYON_QUANTUM_SPACEPORT_1;0;0;30;40;1.25;0.25;0;2;10;20;50;0.9;0;0;0;0;0;0;0;
SMALL_SPACEPORT_TETRYON_HYPER_SPACEPORT_1;0;0;30;40;1.25;0.25;0;2;10;20;50;0.9;0;0;0;0;0;0;0;
SMALL_SPACEPORT_TETRYON_CHRONITON_SPACEPORT_1;0;0;30;40;1.25;0.25;0;2;10;20;50;0.9;0;0;0;0;0;0;0;
MEDIUM_SPACEPORT_TETRYON_SPACEPORT_2;0;0;20;50;1.25;0;0.5;1;1;16;30;0.8;0;0;0;0;0;0;0;
LARGE_SPACEPORT_TORP_PHOTON_SPACEPORT_0;0;0;35;55;0.5;0;0;5;15;50;70;0.9;0.3;12;1;1;0;0;30;
LARGE_SPACEPORT_TORP_QUANTUM_SPACEPORT_0;0;0;25;91;0.75;0;0;5;15;50;60;0.8;0.1;12;1;1;0;0;30;
LARGE_SPACEPORT_TORP_POLARON_SPACEPORT_0;0;0;27;44;2;0;0;5;15;50;60;0.8;0.2;12;1;1;0;0;30;
LARGE_SPACEPORT_TORP_CHRONITON_SPACEPORT_0;0;0;21;76;0.5;0;0;5;15;50;70;0.8;0.1;12;1;1;0;0;30;
LARGE_SPACEPORT_TORP_PLASMA_SPACEPORT_0;0;0;30;100;0.5;0;0;5;15;50;60;0.75;0.2;12;1;1;0;0;30;




EXTRA_LARGE_MUON_SPECIAL_0;255;-255;70;280;1;0.5;0.5;7;7;45;30;0.7;0;0;0;0;0;0;0;
EXTRA_LARGE_QUANTUM_SPECIAL_0;175;-175;110;190;1.75;0;0;7;7;45;40;0.7;0;0;0;0;0;0;0;
MEDIUM_MEDEVLAN_SPECIAL_0;230;-230;300;550;1;0;0.75;20;25;80;30;0.9;0;0;0;0;0;0;0;
MEDIUM_SUBATOMIC_CANNON_SPECIAL_0;255;-255;180;700;0.5;0.75;0;20;25;80;40;0.9;0;0;0;0;0;0;0;
EXTRA_LARGE_SUBATOMIC_BEAM_SPECIAL_0;140;-140;60;250;0.5;0.75;0;7;7;45;40;0.7;0;0;0;0;0;0;0;
MEDIUM_ISOKINETIC_SPECIAL_0;280;-280;220;820;0.5;0;0;20;25;80;40;0.9;0;0;0;0;0;0;0;
MEDIUM_DOOMSDAY_0;0;0;140;260;1;0.5;0.5;20;25;80;40;0.95;0.95;0;0;0;0;0;0;

### vanilla weapons

# Lasers;;;;;;;;;;;;;;;;;;;;
SMALL_RED_LASER;3.00;-2.50;7.00;11.00;0.80;0.00;0.15;2.00;23.00;25.00;40.00;0.90;0.70;0.00;0.00;0.00;0.00;0.00;0.00;
MEDIUM_RED_LASER;6.00;-5.00;15.00;22.00;0.80;0.00;0.30;2.00;23.00;25.00;60.00;0.85;0.35;0.00;0.00;0.00;0.00;0.00;0.00;
LARGE_RED_LASER;12.00;-10.00;32.00;48.00;0.80;0.00;0.60;2.00;23.00;25.00;80.00;0.80;0.05;0.00;0.00;0.00;0.00;0.00;0.00;
SMALL_BLUE_LASER;3.50;-5.00;8.00;12.00;0.80;0.00;0.15;2.00;23.00;25.00;40.00;0.90;0.70;0.00;0.00;0.00;0.00;0.00;0.00;
MEDIUM_BLUE_LASER;7.00;-10.00;16.00;26.00;0.80;0.00;0.30;2.00;23.00;25.00;60.00;0.85;0.35;0.00;0.00;0.00;0.00;0.00;0.00;
LARGE_BLUE_LASER;14.00;-20.00;35.00;56.00;0.80;0.00;0.60;2.00;23.00;25.00;80.00;0.80;0.05;0.00;0.00;0.00;0.00;0.00;0.00;
SMALL_UV_LASER;4.00;-7.50;9.00;13.00;0.80;0.00;0.15;2.00;23.00;25.00;40.00;0.90;0.70;0.00;0.00;0.00;0.00;0.00;0.00;
MEDIUM_UV_LASER;8.00;-15.00;18.00;30.00;0.80;0.00;0.30;2.00;23.00;25.00;60.00;0.85;0.35;0.00;0.00;0.00;0.00;0.00;0.00;
LARGE_UV_LASER;16.00;-30.00;39.00;63.00;0.80;0.00;0.60;2.00;23.00;25.00;80.00;0.80;0.05;0.00;0.00;0.00;0.00;0.00;0.00;
SMALL_XRAY_LASER;4.50;-10.00;10.00;14.00;0.80;0.00;0.15;2.00;23.00;25.00;40.00;0.90;0.70;0.00;0.00;0.00;0.00;0.00;0.00;
MEDIUM_XRAY_LASER;9.00;-20.00;19.00;33.00;0.80;0.00;0.30;2.00;23.00;25.00;60.00;0.85;0.35;0.00;0.00;0.00;0.00;0.00;0.00;
LARGE_XRAY_LASER;18.00;-40.00;42.00;71.00;0.80;0.00;0.60;2.00;23.00;25.00;80.00;0.80;0.05;0.00;0.00;0.00;0.00;0.00;0.00;
SMALL_GAMMA_LASER;5.00;-12.50;11.00;15.00;0.80;0.00;0.15;2.00;23.00;25.00;40.00;0.90;0.70;0.00;0.00;0.00;0.00;0.00;0.00;
MEDIUM_GAMMA_LASER;10.00;-25.00;20.00;36.00;0.80;0.00;0.30;2.00;23.00;25.00;60.00;0.85;0.35;0.00;0.00;0.00;0.00;0.00;0.00;
LARGE_GAMMA_LASER;20.00;-50.00;45.00;78.00;0.80;0.00;0.60;2.00;23.00;25.00;80.00;0.80;0.05;0.00;0.00;0.00;0.00;0.00;0.00;
# Spaceport Laser;;;;;;;;;;;;;;;;;;;;
SMALL_SPACEPORT_LASER;0.00;0.00;16.00;24.00;0.80;0.00;0.33;2.00;8.00;10.00;40.00;0.90;0.70;0.00;0.00;0.00;0.00;0.00;0.00;
MEDIUM_SPACEPORT_LASER;0.00;0.00;32.00;62.00;0.80;0.00;0.33;2.00;8.00;10.00;60.00;0.85;0.35;0.00;0.00;0.00;0.00;0.00;0.00;
LARGE_SPACEPORT_LASER;0.00;0.00;70.00;112.00;0.80;0.00;0.33;2.00;8.00;10.00;80.00;0.80;0.05;0.00;0.00;0.00;0.00;0.00;0.00;
# Energy Lance;;;;;;;;;;;;;;;;;;;;
LARGE_ENERGY_LANCE_1;50.00;-100.00;144.00;273.00;0.75;0.00;0.90;22.00;35.00;60.00;100.00;0.85;0.00;0.00;0.00;0.00;0.00;0.00;0.00;
LARGE_ENERGY_LANCE_2;60.00;-120.00;169.00;331.00;0.75;0.00;0.90;22.00;35.00;60.00;100.00;0.85;0.00;0.00;0.00;0.00;0.00;0.00;0.00;
# Titan Laser;;;;;;;;;;;;;;;;;;;;
TITAN_LASER;100.00;-300.00;4000.00;6000.00;0.75;0.00;0.90;30.00;45.00;180.00;150.00;0.85;0.00;0.00;0.00;0.00;0.00;0.00;0.00;
# Plasma;;;;;;;;;;;;;;;;;;;;
SMALL_PLASMA_1;4.00;-7.50;8.00;14.00;0.67;0.00;0.40;2.00;25.00;30.00;40.00;0.85;0.40;0.00;0.00;0.00;0.00;0.00;0.00;
MEDIUM_PLASMA_1;8.00;-15.00;18.00;27.00;0.67;0.00;0.60;2.00;25.00;30.00;60.00;0.80;0.20;0.00;0.00;0.00;0.00;0.00;0.00;
LARGE_PLASMA_1;16.00;-30.00;35.00;61.00;0.67;0.00;0.80;2.00;25.00;30.00;80.00;0.75;0.05;0.00;0.00;0.00;0.00;0.00;0.00;
SMALL_PLASMA_2;5.00;-10.00;9.00;17.00;0.67;0.00;0.40;2.00;25.00;30.00;40.00;0.85;0.40;0.00;0.00;0.00;0.00;0.00;0.00;
MEDIUM_PLASMA_2;10.00;-20.00;22.00;31.00;0.67;0.00;0.60;2.00;25.00;30.00;60.00;0.80;0.20;0.00;0.00;0.00;0.00;0.00;0.00;
LARGE_PLASMA_2;20.00;-40.00;45.00;69.00;0.67;0.00;0.80;2.00;25.00;30.00;80.00;0.75;0.05;0.00;0.00;0.00;0.00;0.00;0.00;
SMALL_PLASMA_3;6.00;-12.50;11.00;19.00;0.67;0.00;0.40;2.00;25.00;30.00;40.00;0.85;0.40;0.00;0.00;0.00;0.00;0.00;0.00;
MEDIUM_PLASMA_3;12.00;-25.00;24.00;38.00;0.67;0.00;0.60;2.00;25.00;30.00;60.00;0.80;0.20;0.00;0.00;0.00;0.00;0.00;0.00;
LARGE_PLASMA_3;24.00;-50.00;48.00;83.00;0.67;0.00;0.80;2.00;25.00;30.00;80.00;0.75;0.05;0.00;0.00;0.00;0.00;0.00;0.00;
# Arc Emitter;;;;;;;;;;;;;;;;;;;;
LARGE_ARC_EMITTER_1;50.00;-100.00;1.00;184.00;0.00;1.00;1.00;22.00;30.00;60.00;100.00;1.00;1.00;0.00;0.00;0.00;0.00;0.00;0.00;
LARGE_ARC_EMITTER_2;60.00;-120.00;1.00;221.00;0.00;1.00;1.00;22.00;30.00;60.00;110.00;1.00;1.00;0.00;0.00;0.00;0.00;0.00;0.00;
# Disruptors;;;;;;;;;;;;;;;;;;;;
SMALL_DISRUPTOR_1;4.00;-7.50;4.00;8.00;3.00;0.00;0.00;2.00;20.00;25.00;40.00;0.90;0.70;0.00;0.00;0.00;0.00;0.00;0.00;
MEDIUM_DISRUPTOR_1;8.00;-15.00;8.00;18.00;3.00;0.00;0.00;2.00;20.00;25.00;60.00;0.85;0.35;0.00;0.00;0.00;0.00;0.00;0.00;
LARGE_DISRUPTOR_1;16.00;-30.00;19.00;35.00;3.00;0.00;0.00;2.00;20.00;25.00;80.00;0.80;0.05;0.00;0.00;0.00;0.00;0.00;0.00;
SMALL_DISRUPTOR_2;5.00;-10.00;5.00;10.00;3.00;0.00;0.00;2.00;20.00;25.00;40.00;0.90;0.70;0.00;0.00;0.00;0.00;0.00;0.00;
MEDIUM_DISRUPTOR_2;10.00;-20.00;10.00;22.00;3.00;0.00;0.00;2.00;20.00;25.00;60.00;0.85;0.35;0.00;0.00;0.00;0.00;0.00;0.00;
LARGE_DISRUPTOR_2;20.00;-40.00;23.00;45.00;3.00;0.00;0.00;2.00;20.00;25.00;80.00;0.80;0.05;0.00;0.00;0.00;0.00;0.00;0.00;
SMALL_DISRUPTOR_3;6.00;-12.50;6.00;12.00;3.00;0.00;0.00;2.00;20.00;25.00;40.00;0.90;0.70;0.00;0.00;0.00;0.00;0.00;0.00;
MEDIUM_DISRUPTOR_3;12.00;-25.00;12.00;26.00;3.00;0.00;0.00;2.00;20.00;25.00;60.00;0.85;0.35;0.00;0.00;0.00;0.00;0.00;0.00;
LARGE_DISRUPTOR_3;24.00;-50.00;27.00;54.00;3.00;0.00;0.00;2.00;20.00;25.00;80.00;0.80;0.05;0.00;0.00;0.00;0.00;0.00;0.00;
# Mass Drivers;;;;;;;;;;;;;;;;;;;;
SMALL_MASS_DRIVER_1;3.00;-2.50;4.00;17.00;1.33;0.00;0.00;2.00;18.00;25.00;45.00;0.76;0.60;0.00;0.00;0.00;0.00;0.00;0.00;
MEDIUM_MASS_DRIVER_1;6.00;-5.00;8.00;36.00;1.33;0.00;0.15;2.00;18.00;25.00;65.00;0.72;0.30;0.00;0.00;0.00;0.00;0.00;0.00;
LARGE_MASS_DRIVER_1;12.00;-10.00;21.00;74.00;1.33;0.00;0.30;2.00;18.00;25.00;85.00;0.67;0.05;0.00;0.00;0.00;0.00;0.00;0.00;
SMALL_MASS_DRIVER_2;3.50;-5.00;5.00;19.00;1.33;0.00;0.00;2.00;18.00;25.00;45.00;0.76;0.60;0.00;0.00;0.00;0.00;0.00;0.00;
MEDIUM_MASS_DRIVER_2;7.00;-10.00;11.00;39.00;1.33;0.00;0.15;2.00;18.00;25.00;65.00;0.72;0.30;0.00;0.00;0.00;0.00;0.00;0.00;
LARGE_MASS_DRIVER_2;14.00;-20.00;25.00;84.00;1.33;0.00;0.30;2.00;18.00;25.00;85.00;0.67;0.05;0.00;0.00;0.00;0.00;0.00;0.00;
SMALL_MASS_DRIVER_3;4.00;-7.50;6.00;21.00;1.33;0.00;0.00;2.00;18.00;25.00;45.00;0.76;0.60;0.00;0.00;0.00;0.00;0.00;0.00;
MEDIUM_MASS_DRIVER_3;8.00;-15.00;13.00;44.00;1.33;0.00;0.15;2.00;18.00;25.00;65.00;0.72;0.30;0.00;0.00;0.00;0.00;0.00;0.00;
LARGE_MASS_DRIVER_3;16.00;-30.00;30.00;92.00;1.33;0.00;0.30;2.00;18.00;25.00;85.00;0.67;0.05;0.00;0.00;0.00;0.00;0.00;0.00;
SMALL_MASS_DRIVER_4;4.50;-10.00;7.00;23.00;1.33;0.00;0.00;2.00;18.00;25.00;45.00;0.76;0.60;0.00;0.00;0.00;0.00;0.00;0.00;
MEDIUM_MASS_DRIVER_4;9.00;-20.00;15.00;49.00;1.33;0.00;0.15;2.00;18.00;25.00;65.00;0.72;0.30;0.00;0.00;0.00;0.00;0.00;0.00;
LARGE_MASS_DRIVER_4;18.00;-40.00;36.00;100.00;1.33;0.00;0.30;2.00;18.00;25.00;85.00;0.67;0.05;0.00;0.00;0.00;0.00;0.00;0.00;
SMALL_MASS_DRIVER_5;5.00;-12.50;8.00;25.00;1.33;0.00;0.00;2.00;18.00;25.00;45.00;0.76;0.60;0.00;0.00;0.00;0.00;0.00;0.00;
MEDIUM_MASS_DRIVER_5;10.00;-25.00;17.00;53.00;1.33;0.00;0.15;2.00;18.00;25.00;65.00;0.72;0.30;0.00;0.00;0.00;0.00;0.00;0.00;
LARGE_MASS_DRIVER_5;20.00;-50.00;41.00;109.00;1.33;0.00;0.30;2.00;18.00;25.00;85.00;0.67;0.05;0.00;0.00;0.00;0.00;0.00;0.00;
# Spaceport Laser;;;;;;;;;;;;;;;;;;;;
SMALL_SPACEPORT_MASS_DRIVER;0.00;0.00;8.00;34.00;1.33;0.00;0.00;2.00;8.00;10.00;45.00;0.81;0.60;0.00;0.00;0.00;0.00;0.00;0.00;
MEDIUM_SPACEPORT_MASS_DRIVER;0.00;0.00;16.00;72.00;1.33;0.00;0.15;2.00;8.00;10.00;65.00;0.77;0.30;0.00;0.00;0.00;0.00;0.00;0.00;
LARGE_SPACEPORT_MASS_DRIVER;0.00;0.00;42.00;148.00;1.33;0.00;0.30;2.00;8.00;10.00;85.00;0.72;0.05;0.00;0.00;0.00;0.00;0.00;0.00;
# Kinetic Artillery;;;;;;;;;;;;;;;;;;;;
LARGE_KINETIC_ARTILLERY_1;25.00;-50.00;106.00;218.00;1.33;0.00;0.20;2.00;18.00;70.00;100.00;0.70;0.00;0.00;0.00;0.00;0.00;0.00;0.00;
LARGE_KINETIC_ARTILLERY_2;30.00;-60.00;121.00;239.00;1.33;0.00;0.20;2.00;18.00;70.00;100.00;0.70;0.00;0.00;0.00;0.00;0.00;0.00;0.00;
# Autocannons;;;;;;;;;;;;;;;;;;;;
SMALL_AUTOCANNON_1;4.00;-5.00;3.00;15.00;1.00;0.00;0.00;2.00;15.00;15.00;20.00;0.82;0.65;0.00;0.00;0.00;0.00;0.00;0.00;
MEDIUM_AUTOCANNON_1;8.00;-10.00;6.00;31.00;1.00;0.00;0.10;2.00;15.00;15.00;40.00;0.80;0.35;0.00;0.00;0.00;0.00;0.00;0.00;
LARGE_AUTOCANNON_1;16.00;-20.00;16.00;66.00;1.00;0.00;0.20;2.00;15.00;15.00;60.00;0.75;0.10;0.00;0.00;0.00;0.00;0.00;0.00;
SMALL_AUTOCANNON_2;5.00;-7.50;4.00;16.00;1.00;0.00;0.00;2.00;15.00;15.00;20.00;0.83;0.65;0.00;0.00;0.00;0.00;0.00;0.00;
MEDIUM_AUTOCANNON_2;10.00;-15.00;8.00;33.00;1.00;0.00;0.10;2.00;15.00;15.00;40.00;0.81;0.35;0.00;0.00;0.00;0.00;0.00;0.00;
LARGE_AUTOCANNON_2;20.00;-30.00;21.00;67.00;1.00;0.00;0.20;2.00;15.00;15.00;60.00;0.76;0.10;0.00;0.00;0.00;0.00;0.00;0.00;
SMALL_AUTOCANNON_3;6.00;-10.00;5.00;17.00;1.00;0.00;0.00;2.00;15.00;15.00;20.00;0.84;0.65;0.00;0.00;0.00;0.00;0.00;0.00;
MEDIUM_AUTOCANNON_3;12.00;-20.00;10.00;35.00;1.00;0.00;0.10;2.00;15.00;15.00;40.00;0.82;0.35;0.00;0.00;0.00;0.00;0.00;0.00;
LARGE_AUTOCANNON_3;24.00;-40.00;26.00;70.00;1.00;0.00;0.20;2.00;15.00;15.00;60.00;0.77;0.10;0.00;0.00;0.00;0.00;0.00;0.00;
# Flak Battery;;;;;;;;;;;;;;;;;;;;
FLAK_BATTERY_1;5.00;-7.50;1.0;3.00;1.00;0.00;0.00;0.00;0.00;3.00;30.00;0.75;0.50;0.00;0.00;0.00;0.00;0.00;0.00;
FLAK_BATTERY_2;6.00;-10.00;1.5;4.50;1.00;0.00;0.00;0.00;0.00;3.00;30.00;0.75;0.60;0.00;0.00;0.00;0.00;0.00;0.00;
# Mass Accelerator;;;;;;;;;;;;;;;;;;;;
LARGE_MASS_ACCELERATOR_1;50.00;-100.00;92.00;300.00;1.33;0.00;0.50;2.00;25.00;65.00;120.00;0.90;0.00;0.00;0.00;0.00;0.00;0.00;0.00;
LARGE_MASS_ACCELERATOR_2;60.00;-120.00;121.00;350.00;1.33;0.00;0.50;2.00;25.00;65.00;120.00;0.90;0.00;0.00;0.00;0.00;0.00;0.00;0.00;
# Missiles;;;;;;;;;;;;;;;;;;;;
SMALL_MISSILE_1;3.00;-2.50;8.00;12.00;1.150;0.00;0.15;2.00;25.00;30.00;70.00;1.00;0.70;10.00;0.00;1.00;0.00;0.00;20.00;
MEDIUM_MISSILE_1;6.00;-5.00;13.00;27.00;1.150;0.00;0.25;2.00;25.00;30.00;90.00;1.00;0.40;10.00;0.00;2.00;0.00;0.00;25.00;
LARGE_MISSILE_1;12.00;-10.00;30.00;50.00;1.150;0.00;0.50;2.00;25.00;30.00;110.00;1.00;0.10;10.00;0.00;4.00;0.00;0.00;30.00;
SMALL_MISSILE_2;3.50;-5.00;9.00;14.00;1.150;0.00;0.15;2.00;25.00;30.00;70.00;1.00;0.70;10.00;0.10;1.50;0.00;0.00;20.00;
MEDIUM_MISSILE_2;7.00;-10.00;16.00;30.00;1.150;0.00;0.25;2.00;25.00;30.00;90.00;1.00;0.40;10.00;0.10;3.00;0.00;0.00;25.00;
LARGE_MISSILE_2;14.00;-20.00;37.00;57.00;1.150;0.00;0.50;2.00;25.00;30.00;110.00;1.00;0.10;10.00;0.10;6.00;0.00;0.00;30.00;
SMALL_MISSILE_3;4.00;-7.50;11.00;15.00;1.150;0.00;0.15;2.00;25.00;30.00;70.00;1.00;0.70;10.00;0.20;2.00;0.00;0.00;20.00;
MEDIUM_MISSILE_3;8.00;-15.00;19.00;34.00;1.150;0.00;0.25;2.00;25.00;30.00;90.00;1.00;0.40;10.00;0.20;4.00;0.00;0.00;25.00;
LARGE_MISSILE_3;16.00;-30.00;42.00;65.00;1.150;0.00;0.50;2.00;25.00;30.00;110.00;1.00;0.10;10.00;0.20;8.00;0.00;0.00;30.00;
SMALL_MISSILE_4;4.50;-10.00;12.00;17.00;1.150;0.00;0.15;2.00;25.00;30.00;70.00;1.00;0.70;10.00;0.30;2.50;0.00;0.00;20.00;
MEDIUM_MISSILE_4;9.00;-20.00;21.00;39.00;1.150;0.00;0.25;2.00;25.00;30.00;90.00;1.00;0.40;10.00;0.30;5.00;0.00;0.00;25.00;
LARGE_MISSILE_4;18.00;-40.00;48.00;72.00;1.150;0.00;0.50;2.00;25.00;30.00;110.00;1.00;0.10;10.00;0.30;10.00;0.00;0.00;30.00;
SMALL_MISSILE_5;5.00;-12.50;14.00;18.00;1.150;0.00;0.15;2.00;25.00;30.00;70.00;1.00;0.70;10.00;0.40;3.00;0.00;0.00;20.00;
MEDIUM_MISSILE_5;10.00;-25.00;25.00;40.00;1.150;0.00;0.25;2.00;25.00;30.00;90.00;1.00;0.40;10.00;0.40;6.00;0.00;0.00;25.00;
LARGE_MISSILE_5;20.00;-50.00;50.00;83.00;1.150;0.00;0.50;2.00;25.00;30.00;110.00;1.00;0.10;10.00;0.40;12.00;0.00;0.00;30.00;
# Spaceport Missiles;;;;;;;;;;;;;;;;;;;;
SMALL_SPACEPORT_MISSILE;0.00;0.00;16.00;26.00;1.100;0.00;0.00;2.00;10.00;12.00;70.00;1.00;0.70;10.00;0.20;2.00;0.00;0.00;20.00;
MEDIUM_SPACEPORT_MISSILE;0.00;0.00;26.00;58.00;1.100;0.00;0.15;2.00;10.00;12.00;90.00;1.00;0.40;10.00;0.20;4.00;0.00;0.00;25.00;
LARGE_SPACEPORT_MISSILE;0.00;0.00;68.00;100.00;1.100;0.00;0.30;2.00;10.00;12.00;110.00;1.00;0.15;10.00;0.20;8.00;0.00;0.00;30.00;
# Torpedoes;;;;;;;;;;;;;;;;;;;;
TORPEDO_1;10.00;-10.00;120.00;215.00;1.00;1.00;0.50;2.00;15.00;200.00;60.00;1.00;0.00;8.00;0.00;2.00;0.00;0.00;15.00;
TORPEDO_2;12.00;-15.00;140.00;280.00;1.00;1.00;0.50;2.00;15.00;200.00;60.00;1.00;0.00;8.00;0.00;4.00;0.00;0.00;15.00;
TORPEDO_3;14.00;-20.00;180.00;340.00;1.00;1.00;0.50;2.00;15.00;200.00;60.00;1.00;0.00;8.00;0.00;6.00;0.00;0.00;15.00;
# Energy Torpedo;;;;;;;;;;;;;;;;;;;;
ENERGY_TORPEDO_1;15.00;-40.00;130.00;240.00;3.00;0.00;0.00;2.00;23.00;200.00;70.00;0.90;0.00;0.00;0.00;0.00;0.00;0.00;0.00;
ENERGY_TORPEDO_2;20.00;-60.00;180.00;330.00;3.00;0.00;0.00;2.00;23.00;200.00;70.00;0.90;0.00;0.00;0.00;0.00;0.00;0.00;0.00;
# Swarmer Missiles;;;;;;;;;;;;;;;;;;;;
SWARMER_MISSILE_1;15.00;-25.00;8.00;12.00;1.10;0.00;0.30;2.00;8.00;16.00;100.00;1.00;0.50;11.5;0.20;30.00;0.00;0.00;15.00;
SWARMER_MISSILE_2;20.00;-30.00;10.00;15.00;1.10;0.00;0.30;2.00;8.00;16.00;100.00;1.00;0.50;11.5;0.20;40.00;0.00;0.00;15.00;
# Space Cloud;;;;;;;;;;;;;;;;;;;;
SPACE_CLOUD_LIGHTNING;3.00;-10.00;1.00;27.00;0.75;0.00;0.50;2.00;25.00;30.00;50.00;1.00;1.00;0.00;0.00;0.00;0.00;0.00;0.00;
# Crystalline Entities;;;;;;;;;;;;;;;;;;;;
SMALL_CRYSTAL_SHIP_BLUE_LIGHTNING;0.00;-2.50;4.00;17.00;1.00;0.00;0.15;2.00;18.00;25.00;45.00;0.76;0.60;0.00;0.00;0.00;0.00;0.00;0.00;
MEDIUM_CRYSTAL_SHIP_BLUE_LIGHTNING;0.00;-5.00;8.00;36.00;1.00;0.00;0.30;2.00;18.00;25.00;65.00;0.72;0.30;0.00;0.00;0.00;0.00;0.00;0.00;
LARGE_CRYSTAL_SHIP_BLUE_LIGHTNING;0.00;-10.00;21.00;74.00;1.00;0.00;0.60;2.00;18.00;25.00;85.00;0.67;0.05;0.00;0.00;0.00;0.00;0.00;0.00;
SMALL_CRYSTAL_SHIP_GREEN_LIGHTNING;0.00;-2.50;4.00;17.00;1.00;0.00;0.15;2.00;18.00;25.00;45.00;0.76;0.60;0.00;0.00;0.00;0.00;0.00;0.00;
MEDIUM_CRYSTAL_SHIP_GREEN_LIGHTNING;0.00;-5.00;8.00;36.00;1.00;0.00;0.30;2.00;18.00;25.00;65.00;0.72;0.30;0.00;0.00;0.00;0.00;0.00;0.00;
LARGE_CRYSTAL_SHIP_GREEN_LIGHTNING;0.00;-10.00;21.00;74.00;1.00;0.00;0.60;2.00;18.00;25.00;85.00;0.67;0.05;0.00;0.00;0.00;0.00;0.00;0.00;
SMALL_CRYSTAL_SHIP_YELLOW_LIGHTNING;0.00;-2.50;4.00;17.00;1.00;0.00;0.15;2.00;18.00;25.00;45.00;0.76;0.60;0.00;0.00;0.00;0.00;0.00;0.00;
MEDIUM_CRYSTAL_SHIP_YELLOW_LIGHTNING;0.00;-5.00;8.00;36.00;1.00;0.00;0.30;2.00;18.00;25.00;65.00;0.72;0.30;0.00;0.00;0.00;0.00;0.00;0.00;
LARGE_CRYSTAL_SHIP_YELLOW_LIGHTNING;0.00;-10.00;21.00;74.00;1.00;0.00;0.60;2.00;18.00;25.00;85.00;0.67;0.05;0.00;0.00;0.00;0.00;0.00;0.00;
SMALL_CRYSTAL_SHIP_RED_LIGHTNING;0.00;-2.50;4.00;17.00;1.00;0.00;0.15;2.00;18.00;25.00;45.00;0.76;0.60;0.00;0.00;0.00;0.00;0.00;0.00;
MEDIUM_CRYSTAL_SHIP_RED_LIGHTNING;0.00;-5.00;8.00;36.00;1.00;0.00;0.30;2.00;18.00;25.00;65.00;0.72;0.30;0.00;0.00;0.00;0.00;0.00;0.00;
LARGE_CRYSTAL_SHIP_RED_LIGHTNING;0.00;-10.00;21.00;74.00;1.00;0.00;0.60;2.00;18.00;25.00;85.00;0.67;0.05;0.00;0.00;0.00;0.00;0.00;0.00;
SMALL_CRYSTAL_SHIP_BLUE_ELITE_LIGHTNING;0.00;-7.50;6.00;21.00;1.00;0.00;0.15;2.00;18.00;25.00;45.00;0.76;0.60;0.00;0.00;0.00;0.00;0.00;0.00;
MEDIUM_CRYSTAL_SHIP_BLUE_ELITE_LIGHTNING;0.00;-15.00;13.00;44.00;1.00;0.00;0.30;2.00;18.00;25.00;65.00;0.72;0.30;0.00;0.00;0.00;0.00;0.00;0.00;
LARGE_CRYSTAL_SHIP_BLUE_ELITE_LIGHTNING;0.00;-30.00;30.00;92.00;1.00;0.00;0.60;2.00;18.00;25.00;85.00;0.67;0.05;0.00;0.00;0.00;0.00;0.00;0.00;
SMALL_CRYSTAL_SHIP_GREEN_ELITE_LIGHTNING;0.00;-7.50;6.00;21.00;1.00;0.00;0.15;2.00;18.00;25.00;45.00;0.76;0.60;0.00;0.00;0.00;0.00;0.00;0.00;
MEDIUM_CRYSTAL_SHIP_GREEN_ELITE_LIGHTNING;0.00;-15.00;13.00;44.00;1.00;0.00;0.30;2.00;18.00;25.00;65.00;0.72;0.30;0.00;0.00;0.00;0.00;0.00;0.00;
LARGE_CRYSTAL_SHIP_GREEN_ELITE_LIGHTNING;0.00;-30.00;30.00;92.00;1.00;0.00;0.60;2.00;18.00;25.00;85.00;0.67;0.05;0.00;0.00;0.00;0.00;0.00;0.00;
SMALL_CRYSTAL_SHIP_YELLOW_ELITE_LIGHTNING;0.00;-7.50;6.00;21.00;1.00;0.00;0.15;2.00;18.00;25.00;45.00;0.76;0.60;0.00;0.00;0.00;0.00;0.00;0.00;
MEDIUM_CRYSTAL_SHIP_YELLOW_ELITE_LIGHTNING;0.00;-15.00;13.00;44.00;1.00;0.00;0.30;2.00;18.00;25.00;65.00;0.72;0.30;0.00;0.00;0.00;0.00;0.00;0.00;
LARGE_CRYSTAL_SHIP_YELLOW_ELITE_LIGHTNING;0.00;-30.00;30.00;92.00;1.00;0.00;0.60;2.00;18.00;25.00;85.00;0.67;0.05;0.00;0.00;0.00;0.00;0.00;0.00;
SMALL_CRYSTAL_SHIP_RED_ELITE_LIGHTNING;0.00;-7.50;6.00;21.00;1.00;0.00;0.15;2.00;18.00;25.00;45.00;0.76;0.60;0.00;0.00;0.00;0.00;0.00;0.00;
MEDIUM_CRYSTAL_SHIP_RED_ELITE_LIGHTNING;0.00;-15.00;13.00;44.00;1.00;0.00;0.30;2.00;18.00;25.00;65.00;0.72;0.30;0.00;0.00;0.00;0.00;0.00;0.00;
LARGE_CRYSTAL_SHIP_RED_ELITE_LIGHTNING;0.00;-30.00;30.00;92.00;1.00;0.00;0.60;2.00;18.00;25.00;85.00;0.67;0.05;0.00;0.00;0.00;0.00;0.00;0.00;
# Misc Space Critters;;;;;;;;;;;;;;;;;;;;
MEDIUM_PROBE_LIGHTNING;0.00;-15.00;19.00;29.00;1.00;0.00;1.00;2.00;25.00;30.00;60.00;0.85;0.30;0.00;0.00;0.00;0.00;0.00;0.00;
SPACE_WHALE_WEAPON;3.00;-10.00;6.00;12.00;2.50;0.00;0.00;2.00;20.00;25.00;40.00;0.82;0.60;0.00;0.00;0.00;0.00;0.00;0.00;
SMALL_SPACE_AMOEBA_WEAPON;7.50;-7.50;9.00;15.00;1.00;0.00;0.25;2.00;25.00;30.00;60.00;0.75;0.60;0.00;0.00;0.00;0.00;0.00;0.00;
SPACE_AMOEBA_WEAPON;0.00;-15.00;17.00;30.00;1.00;0.00;0.25;2.00;25.00;30.00;60.00;0.75;0.30;0.00;0.00;0.00;0.00;0.00;0.00;
SMALL_MINING_LASER;4.00;-7.50;8.00;14.00;1.00;0.00;1.00;2.00;25.00;30.00;40.00;0.75;0.60;0.00;0.00;0.00;0.00;0.00;0.00;
MEDIUM_MINING_LASER;8.00;-15.00;18.00;27.00;1.00;0.00;1.00;2.00;25.00;30.00;30.00;0.70;0.30;0.00;0.00;0.00;0.00;0.00;0.00;
PSIONIC_BLAST_1;0.00;0.00;300.00;700.00;0.66;0.00;0.67;2.00;25.00;30.00;85.00;0.90;1.00;0.00;0.00;0.00;0.00;0.00;0.00;
# ED invaders;;;;;;;;;;;;;;;;;;;;
SMALL_ED_WEAPON;10.00;-15.00;13.00;19.00;1.00;0.50;0.50;2.00;25.00;25.00;40.00;0.78;0.60;0.00;0.00;0.00;0.00;0.00;0.00;
MEDIUM_ED_WEAPON;20.00;-30.00;25.00;43.00;1.00;0.50;0.50;2.00;25.00;25.00;60.00;0.75;0.30;0.00;0.00;0.00;0.00;0.00;0.00;
LARGE_ED_WEAPON;40.00;-60.00;55.00;100.00;1.00;0.50;0.50;2.00;25.00;25.00;80.00;0.74;0.05;0.00;0.00;0.00;0.00;0.00;0.00;
# Swarm;;;;;;;;;;;;;;;;;;;;
SMALL_SPACEPORT_SCOURGE_MISSILE;0.00;0.00;14.00;25.00;1.100;0.00;0.00;2.00;25.00;40.00;60.00;1.00;0.80;12.00;0.75;4.0;0.00;0.00;20.00;
MEDIUM_SPACEPORT_SCOURGE_MISSILE;0.00;0.00;25.00;50.00;1.100;0.00;0.10;2.00;25.00;40.00;80.00;1.00;0.80;12.00;0.75;10.0;0.00;0.00;30.00;
LARGE_SPACEPORT_SCOURGE_MISSILE;0.00;0.00;52.00;90.00;1.100;0.00;0.20;2.00;25.00;40.00;120.00;1.00;0.80;12.00;0.75;20.0;0.00;0.00;40.00;
LARGE_SCOURGE_MISSILE_1;30.00;-50.00;52.00;90.00;1.100;0.00;0.20;2.00;25.00;40.00;120.00;1.00;0.80;12.00;0.75;20.0;0.00;0.00;40.00;
SMALL_SCOURGE_PROJECTILE_WEAPON;10.00;-12.50;10.00;23.00;1.33;0.00;0.00;2.00;25.00;30.00;60.00;0.75;0.70;0.00;0.00;0.00;0.00;0.00;0.00;
MEDIUM_SCOURGE_PROJECTILE_WEAPON;20.00;-25.00;20.00;46.00;1.33;0.00;0.00;2.00;25.00;30.00;60.00;0.75;0.25;0.00;0.00;0.00;0.00;0.00;0.00;
# Fallen Empire;;;;;;;;;;;;;;;;;;;;
LARGE_FALLEN_EMPIRE_SPACEPORT_LANCE;0.00;0.00;90.00;250.00;0.80;0.00;0.90;2.00;25.00;100.00;140.00;0.90;0.00;0.00;0.00;0.00;0.00;0.00;0.00;
# Point-Defense;;;;;;;;;;;;;;;;;;;;
POINT_DEFENCE_1;3.00;-5.00;0.50;2,00;1.00;0.00;0.00;0.00;0.00;3.00;30.00;0.75;0.10;0.00;0.00;0.00;0.00;0.00;0.00;
POINT_DEFENCE_2;4.00;-7.50;0.75;3.00;1.00;0.00;0.00;0.00;0.00;3.00;30.00;0.75;0.20;0.00;0.00;0.00;0.00;0.00;0.00;
POINT_DEFENCE_3;5.00;-10.00;1.00;4.00;1.00;0.00;0.00;0.00;0.00;3.00;30.00;0.75;0.30;0.00;0.00;0.00;0.00;0.00;0.00;
# Event Weapons;;;;;;;;;;;;;;;;;;;;
TECHNO_WEAPON;0.00;0.00;500.00;1000.00;1.50;0.00;0.75;10.00;20.00;100.00;120.00;0.85;0.00;0.00;0.00;0.00;0.00;0.00;0.00;
TECHNO_PD;0.00;-10.00;15.00;20.00;0.00;0.00;0.00;1.00;1.00;5.00;10.00;0.80;0.50;0.00;0.00;0.00;0.00;0.00;0.00;
SMALL_EVENT_UV_LASER;0.00;-7.50;10.00;12.00;0.80;0.00;0.15;2.00;23.00;25.00;30.00;0.90;0.60;0.00;0.00;0.00;0.00;0.00;0.00;
MEDIUM_EVENT_UV_LASER;0.00;-15.00;16.00;26.00;0.80;0.00;0.30;2.00;23.00;25.00;30.00;0.85;0.30;0.00;0.00;0.00;0.00;0.00;0.00;
STELLARITE_MISSILE;0.00;-50.00;500.00;750.00;1.00;1.00;0.00;20.00;30.00;30.00;150.00;1.00;0.50;20.00;1.00;200.00;0.00;0.00;100.00;
STELLARITE_PLASMA;0.00;-50.00;250.00;325.00;0.80;0.00;0.90;2.00;15.00;10.00;150.00;0.80;0.75;0.00;0.00;0.00;0.00;0.00;0.00;
STELLARITE_BEAM;0.00;-300.00;5000.00;7500.00;0.75;0.00;0.90;20.00;30.00;150.00;150.00;0.85;0.00;0.00;0.00;0.00;0.00;0.00;0.00;
STELLARITE_LASER;0.00;-10.00;10.00;12.00;0.00;0.00;0.00;1.00;1.00;10.00;10.00;0.80;0.50;0.00;0.00;0.00;0.00;0.00;0.00;
DRAGON_WEAPON;0.00;-300.00;2000.00;3000.00;1.00;0.00;0.90;10.00;20.00;100.00;120.00;0.85;0.00;0.00;0.00;0.00;0.00;0.00;0.00;
DRAGON_SECONDARY_WEAPON;0.00;-50.00;100.00;150.00;1.50;0.00;0.40;2.00;20.00;10.00;80.00;0.80;0.75;0.00;0.00;0.00;0.00;0.00;0.00;
DRAGON_TERTIARY_WEAPON;0.00;-10.00;10.00;12.00;0.00;0.00;0.00;1.00;1.00;10.00;10.00;0.80;0.50;0.00;0.00;0.00;0.00;0.00;0.00;
DIMENSIONAL_HORROR_PRIMARY_WEAPON;0.00;-300.00;500.00;5000.00;1.00;1.00;1.00;20.00;30.00;150.00;250.00;0.85;0.00;0.00;0.00;0.00;0.00;0.00;0.00;
DIMENSIONAL_HORROR_LARGE_WEAPON;0.00;-100.00;250.00;1000.00;1.50;0.00;0.40;2.00;20.00;16.00;250.00;0.80;0.75;0.00;0.00;0.00;0.00;0.00;0.00;
DIMENSIONAL_HORROR_MEDIUM_WEAPON;0.00;-50.00;100.00;400.00;1.50;0.00;0.40;2.00;18.00;15.00;250.00;0.80;0.50;0.00;0.00;0.00;0.00;0.00;0.00;
DIMENSIONAL_HORROR_SMALL_WEAPON;0.00;-25.00;50.00;200.00;1.50;0.00;0.40;2.00;16.00;14.00;250.00;0.80;0.25;0.00;0.00;0.00;0.00;0.00;0.00;
DIMENSIONAL_HORROR_PD;0.00;-10.00;10.00;50.00;0.00;0.00;0.00;1.00;1.00;15.00;250.00;0.80;0.50;0.00;0.00;0.00;0.00;0.00;0.00;
WRAITH_RED_LASER;0.00;-50.00;150.00;250.00;1.00;0.00;0.50;2.00;15.00;10.00;150.00;0.80;0.75;0.00;0.00;0.00;0.00;0.00;0.00;
WRAITH_BLUE_LASER;0.00;-50.00;150.00;250.00;1.00;0.00;0.50;2.00;15.00;10.00;150.00;0.80;0.75;0.00;0.00;0.00;0.00;0.00;0.00;
WRAITH_YELLOW_LASER;0.00;-50.00;150.00;250.00;1.00;0.00;0.50;2.00;15.00;10.00;150.00;0.80;0.75;0.00;0.00;0.00;0.00;0.00;0.00;
